<?xml version="1.0" encoding="utf-8"?><gpx creator="Garmin Desktop App" version="1.1" xsi:schemaLocation="http://www.topografix.com/GPX/1/1 http://www.topografix.com/GPX/1/1/gpx.xsd http://www.garmin.com/xmlschemas/WaypointExtension/v1 http://www8.garmin.com/xmlschemas/WaypointExtensionv1.xsd http://www.garmin.com/xmlschemas/TrackPointExtension/v1 http://www.garmin.com/xmlschemas/TrackPointExtensionv1.xsd http://www.garmin.com/xmlschemas/GpxExtensions/v3 http://www8.garmin.com/xmlschemas/GpxExtensionsv3.xsd http://www.garmin.com/xmlschemas/ActivityExtension/v1 http://www8.garmin.com/xmlschemas/ActivityExtensionv1.xsd http://www.garmin.com/xmlschemas/AdventuresExtensions/v1 http://www8.garmin.com/xmlschemas/AdventuresExtensionv1.xsd http://www.garmin.com/xmlschemas/PressureExtension/v1 http://www.garmin.com/xmlschemas/PressureExtensionv1.xsd http://www.garmin.com/xmlschemas/TripExtensions/v1 http://www.garmin.com/xmlschemas/TripExtensionsv1.xsd http://www.garmin.com/xmlschemas/TripMetaDataExtensions/v1 http://www.garmin.com/xmlschemas/TripMetaDataExtensionsv1.xsd http://www.garmin.com/xmlschemas/ViaPointTransportationModeExtensions/v1 http://www.garmin.com/xmlschemas/ViaPointTransportationModeExtensionsv1.xsd http://www.garmin.com/xmlschemas/CreationTimeExtension/v1 http://www.garmin.com/xmlschemas/CreationTimeExtensionsv1.xsd http://www.garmin.com/xmlschemas/AccelerationExtension/v1 http://www.garmin.com/xmlschemas/AccelerationExtensionv1.xsd http://www.garmin.com/xmlschemas/PowerExtension/v1 http://www.garmin.com/xmlschemas/PowerExtensionv1.xsd http://www.garmin.com/xmlschemas/VideoExtension/v1 http://www.garmin.com/xmlschemas/VideoExtensionv1.xsd" xmlns="http://www.topografix.com/GPX/1/1" xmlns:xsi="http://www.w3.org/2001/XMLSchema-instance" xmlns:wptx1="http://www.garmin.com/xmlschemas/WaypointExtension/v1" xmlns:gpxtrx="http://www.garmin.com/xmlschemas/GpxExtensions/v3" xmlns:gpxtpx="http://www.garmin.com/xmlschemas/TrackPointExtension/v1" xmlns:gpxx="http://www.garmin.com/xmlschemas/GpxExtensions/v3" xmlns:trp="http://www.garmin.com/xmlschemas/TripExtensions/v1" xmlns:adv="http://www.garmin.com/xmlschemas/AdventuresExtensions/v1" xmlns:prs="http://www.garmin.com/xmlschemas/PressureExtension/v1" xmlns:tmd="http://www.garmin.com/xmlschemas/TripMetaDataExtensions/v1" xmlns:vptm="http://www.garmin.com/xmlschemas/ViaPointTransportationModeExtensions/v1" xmlns:ctx="http://www.garmin.com/xmlschemas/CreationTimeExtension/v1" xmlns:gpxacc="http://www.garmin.com/xmlschemas/AccelerationExtension/v1" xmlns:gpxpx="http://www.garmin.com/xmlschemas/PowerExtension/v1" xmlns:vidx1="http://www.garmin.com/xmlschemas/VideoExtension/v1">

  <metadata>
    <link href="http://www.garmin.com">
      <text>Garmin International</text>
    </link>
    <time>2026-08-10T15:03:48Z</time>
    <bounds maxlat="50.222909627482295" maxlon="5.897233486175537" minlat="50.105682509019971" minlon="5.748126385733485" />
  </metadata>

  <wpt lat="50.219846293330193" lon="5.763488402590156">
    <ele>0</ele>
    <time>2026-08-10T15:01:26Z</time>
    <name>4 seingevers bevoorrading / reserve</name>
    <sym>Square, Red</sym>
    <type>user</type>
    <extensions>
      <gpxx:WaypointExtension>
        <gpxx:DisplayMode>SymbolAndName</gpxx:DisplayMode>
      </gpxx:WaypointExtension>
      <wptx1:WaypointExtension>
        <wptx1:DisplayMode>SymbolAndName</wptx1:DisplayMode>
      </wptx1:WaypointExtension>
      <ctx:CreationTimeExtension>
        <ctx:CreationTime>2026-08-10T15:01:26Z</ctx:CreationTime>
      </ctx:CreationTimeExtension>
    </extensions>
  </wpt>

  <wpt lat="50.168486265465617" lon="5.768648386001587">
    <ele>0</ele>
    <time>2026-08-10T15:01:26Z</time>
    <name>5 reserve seingevers</name>
    <sym>Square, Red</sym>
    <type>user</type>
    <extensions>
      <gpxx:WaypointExtension>
        <gpxx:DisplayMode>SymbolAndName</gpxx:DisplayMode>
      </gpxx:WaypointExtension>
      <wptx1:WaypointExtension>
        <wptx1:DisplayMode>SymbolAndName</wptx1:DisplayMode>
      </wptx1:WaypointExtension>
      <ctx:CreationTimeExtension>
        <ctx:CreationTime>2026-08-10T15:01:26Z</ctx:CreationTime>
      </ctx:CreationTimeExtension>
    </extensions>
  </wpt>

  <wpt lat="50.108195571228862" lon="5.837851893156767">
    <ele>0</ele>
    <time>2026-08-10T15:01:26Z</time>
    <name>5 reserve seingevers / bevoorrading</name>
    <sym>Square, Red</sym>
    <type>user</type>
    <extensions>
      <gpxx:WaypointExtension>
        <gpxx:DisplayMode>SymbolAndName</gpxx:DisplayMode>
      </gpxx:WaypointExtension>
      <wptx1:WaypointExtension>
        <wptx1:DisplayMode>SymbolAndName</wptx1:DisplayMode>
      </wptx1:WaypointExtension>
      <ctx:CreationTimeExtension>
        <ctx:CreationTime>2026-08-10T15:01:26Z</ctx:CreationTime>
      </ctx:CreationTimeExtension>
    </extensions>
  </wpt>

  <wpt lat="50.160085000097752" lon="5.816213004291058">
    <ele>0</ele>
    <time>2026-08-10T15:01:26Z</time>
    <name>5 reserve seingevers1</name>
    <sym>Square, Red</sym>
    <type>user</type>
    <extensions>
      <gpxx:WaypointExtension>
        <gpxx:DisplayMode>SymbolAndName</gpxx:DisplayMode>
      </gpxx:WaypointExtension>
      <wptx1:WaypointExtension>
        <wptx1:DisplayMode>SymbolAndName</wptx1:DisplayMode>
      </wptx1:WaypointExtension>
      <ctx:CreationTimeExtension>
        <ctx:CreationTime>2026-08-10T15:01:26Z</ctx:CreationTime>
      </ctx:CreationTimeExtension>
    </extensions>
  </wpt>

  <wpt lat="50.129006579518318" lon="5.791044663637877">
    <ele>0</ele>
    <time>2026-08-10T15:01:26Z</time>
    <name>KILO 1 - Police + SG</name>
    <sym>Square, Red</sym>
    <type>user</type>
    <extensions>
      <gpxx:WaypointExtension>
        <gpxx:DisplayMode>SymbolAndName</gpxx:DisplayMode>
      </gpxx:WaypointExtension>
      <wptx1:WaypointExtension>
        <wptx1:DisplayMode>SymbolAndName</wptx1:DisplayMode>
      </wptx1:WaypointExtension>
      <ctx:CreationTimeExtension>
        <ctx:CreationTime>2026-08-10T15:01:26Z</ctx:CreationTime>
      </ctx:CreationTimeExtension>
    </extensions>
  </wpt>

  <wpt lat="50.111350268125534" lon="5.808256734162569">
    <ele>0</ele>
    <time>2026-08-10T15:01:26Z</time>
    <name>KILO 10 - SG</name>
    <sym>Square, Red</sym>
    <type>user</type>
    <extensions>
      <gpxx:WaypointExtension>
        <gpxx:DisplayMode>SymbolAndName</gpxx:DisplayMode>
      </gpxx:WaypointExtension>
      <wptx1:WaypointExtension>
        <wptx1:DisplayMode>SymbolAndName</wptx1:DisplayMode>
      </wptx1:WaypointExtension>
      <ctx:CreationTimeExtension>
        <ctx:CreationTime>2026-08-10T15:01:26Z</ctx:CreationTime>
      </ctx:CreationTimeExtension>
    </extensions>
  </wpt>

  <wpt lat="50.111500639468431" lon="5.808556219562888">
    <ele>0</ele>
    <time>2026-08-10T15:01:26Z</time>
    <name>KILO 11 - 2x SG</name>
    <sym>Square, Red</sym>
    <type>user</type>
    <extensions>
      <gpxx:WaypointExtension>
        <gpxx:DisplayMode>SymbolAndName</gpxx:DisplayMode>
      </gpxx:WaypointExtension>
      <wptx1:WaypointExtension>
        <wptx1:DisplayMode>SymbolAndName</wptx1:DisplayMode>
      </wptx1:WaypointExtension>
      <ctx:CreationTimeExtension>
        <ctx:CreationTime>2026-08-10T15:01:26Z</ctx:CreationTime>
      </ctx:CreationTimeExtension>
    </extensions>
  </wpt>

  <wpt lat="50.111787803471088" lon="5.810173340141773">
    <ele>0</ele>
    <time>2026-08-10T15:01:26Z</time>
    <name>KILO 12 - SG</name>
    <sym>Square, Red</sym>
    <type>user</type>
    <extensions>
      <gpxx:WaypointExtension>
        <gpxx:DisplayMode>SymbolAndName</gpxx:DisplayMode>
      </gpxx:WaypointExtension>
      <wptx1:WaypointExtension>
        <wptx1:DisplayMode>SymbolAndName</wptx1:DisplayMode>
      </wptx1:WaypointExtension>
      <ctx:CreationTimeExtension>
        <ctx:CreationTime>2026-08-10T15:01:26Z</ctx:CreationTime>
      </ctx:CreationTimeExtension>
    </extensions>
  </wpt>

  <wpt lat="50.111928870901465" lon="5.811566663905978">
    <ele>0</ele>
    <time>2026-08-10T15:01:26Z</time>
    <name>KILO 13 - SG</name>
    <sym>Square, Red</sym>
    <type>user</type>
    <extensions>
      <gpxx:WaypointExtension>
        <gpxx:DisplayMode>SymbolAndName</gpxx:DisplayMode>
      </gpxx:WaypointExtension>
      <wptx1:WaypointExtension>
        <wptx1:DisplayMode>SymbolAndName</wptx1:DisplayMode>
      </wptx1:WaypointExtension>
      <ctx:CreationTimeExtension>
        <ctx:CreationTime>2026-08-10T15:01:26Z</ctx:CreationTime>
      </ctx:CreationTimeExtension>
    </extensions>
  </wpt>

  <wpt lat="50.110732186585665" lon="5.811852989718318">
    <ele>0</ele>
    <time>2026-08-10T15:01:26Z</time>
    <name>KILO 14 - SG</name>
    <sym>Square, Red</sym>
    <type>user</type>
    <extensions>
      <gpxx:WaypointExtension>
        <gpxx:DisplayMode>SymbolAndName</gpxx:DisplayMode>
      </gpxx:WaypointExtension>
      <wptx1:WaypointExtension>
        <wptx1:DisplayMode>SymbolAndName</wptx1:DisplayMode>
      </wptx1:WaypointExtension>
      <ctx:CreationTimeExtension>
        <ctx:CreationTime>2026-08-10T15:01:26Z</ctx:CreationTime>
      </ctx:CreationTimeExtension>
    </extensions>
  </wpt>

  <wpt lat="50.106307966634631" lon="5.81838802434504">
    <ele>0</ele>
    <time>2026-08-10T15:01:26Z</time>
    <name>KILO 15 - SG</name>
    <sym>Square, Red</sym>
    <type>user</type>
    <extensions>
      <gpxx:WaypointExtension>
        <gpxx:DisplayMode>SymbolAndName</gpxx:DisplayMode>
      </gpxx:WaypointExtension>
      <wptx1:WaypointExtension>
        <wptx1:DisplayMode>SymbolAndName</wptx1:DisplayMode>
      </wptx1:WaypointExtension>
      <ctx:CreationTimeExtension>
        <ctx:CreationTime>2026-08-10T15:01:26Z</ctx:CreationTime>
      </ctx:CreationTimeExtension>
    </extensions>
  </wpt>

  <wpt lat="50.111785037443042" lon="5.826438004150987">
    <ele>0</ele>
    <time>2026-08-10T15:01:26Z</time>
    <name>KILO 16 - 2x Police + 2x SG</name>
    <sym>Square, Red</sym>
    <type>user</type>
    <extensions>
      <gpxx:WaypointExtension>
        <gpxx:DisplayMode>SymbolAndName</gpxx:DisplayMode>
      </gpxx:WaypointExtension>
      <wptx1:WaypointExtension>
        <wptx1:DisplayMode>SymbolAndName</wptx1:DisplayMode>
      </wptx1:WaypointExtension>
      <ctx:CreationTimeExtension>
        <ctx:CreationTime>2026-08-10T15:01:26Z</ctx:CreationTime>
      </ctx:CreationTimeExtension>
    </extensions>
  </wpt>

  <wpt lat="50.112597998231649" lon="5.826238011941314">
    <ele>0</ele>
    <time>2026-08-10T15:01:26Z</time>
    <name>KILO 17 - SG</name>
    <sym>Square, Red</sym>
    <type>user</type>
    <extensions>
      <gpxx:WaypointExtension>
        <gpxx:DisplayMode>SymbolAndName</gpxx:DisplayMode>
      </gpxx:WaypointExtension>
      <wptx1:WaypointExtension>
        <wptx1:DisplayMode>SymbolAndName</wptx1:DisplayMode>
      </wptx1:WaypointExtension>
      <ctx:CreationTimeExtension>
        <ctx:CreationTime>2026-08-10T15:01:26Z</ctx:CreationTime>
      </ctx:CreationTimeExtension>
    </extensions>
  </wpt>

  <wpt lat="50.113493436947465" lon="5.832573641091585">
    <ele>0</ele>
    <time>2026-08-10T15:01:26Z</time>
    <name>KILO 18 - SG</name>
    <sym>Square, Red</sym>
    <type>user</type>
    <extensions>
      <gpxx:WaypointExtension>
        <gpxx:DisplayMode>SymbolAndName</gpxx:DisplayMode>
      </gpxx:WaypointExtension>
      <wptx1:WaypointExtension>
        <wptx1:DisplayMode>SymbolAndName</wptx1:DisplayMode>
      </wptx1:WaypointExtension>
      <ctx:CreationTimeExtension>
        <ctx:CreationTime>2026-08-10T15:01:26Z</ctx:CreationTime>
      </ctx:CreationTimeExtension>
    </extensions>
  </wpt>

  <wpt lat="50.11352302506566" lon="5.842092968523502">
    <ele>0</ele>
    <time>2026-08-10T15:01:26Z</time>
    <name>KILO 19 - 2x Police + SG</name>
    <sym>Square, Red</sym>
    <type>user</type>
    <extensions>
      <gpxx:WaypointExtension>
        <gpxx:DisplayMode>SymbolAndName</gpxx:DisplayMode>
      </gpxx:WaypointExtension>
      <wptx1:WaypointExtension>
        <wptx1:DisplayMode>SymbolAndName</wptx1:DisplayMode>
      </wptx1:WaypointExtension>
      <ctx:CreationTimeExtension>
        <ctx:CreationTime>2026-08-10T15:01:26Z</ctx:CreationTime>
      </ctx:CreationTimeExtension>
    </extensions>
  </wpt>

  <wpt lat="50.128840869292617" lon="5.790992695838213">
    <ele>0</ele>
    <time>2026-08-10T15:01:26Z</time>
    <name>KILO 2 - SG</name>
    <sym>Square, Red</sym>
    <type>user</type>
    <extensions>
      <gpxx:WaypointExtension>
        <gpxx:DisplayMode>SymbolAndName</gpxx:DisplayMode>
      </gpxx:WaypointExtension>
      <wptx1:WaypointExtension>
        <wptx1:DisplayMode>SymbolAndName</wptx1:DisplayMode>
      </wptx1:WaypointExtension>
      <ctx:CreationTimeExtension>
        <ctx:CreationTime>2026-08-10T15:01:26Z</ctx:CreationTime>
      </ctx:CreationTimeExtension>
    </extensions>
  </wpt>

  <wpt lat="50.113904988393188" lon="5.842757485806942">
    <ele>0</ele>
    <time>2026-08-10T15:01:26Z</time>
    <name>KILO 20 - 2x Police + SG</name>
    <sym>Square, Red</sym>
    <type>user</type>
    <extensions>
      <gpxx:WaypointExtension>
        <gpxx:DisplayMode>SymbolAndName</gpxx:DisplayMode>
      </gpxx:WaypointExtension>
      <wptx1:WaypointExtension>
        <wptx1:DisplayMode>SymbolAndName</wptx1:DisplayMode>
      </wptx1:WaypointExtension>
      <ctx:CreationTimeExtension>
        <ctx:CreationTime>2026-08-10T15:01:26Z</ctx:CreationTime>
      </ctx:CreationTimeExtension>
    </extensions>
  </wpt>

  <wpt lat="50.11901518329978" lon="5.860747983679175">
    <ele>0</ele>
    <time>2026-08-10T15:01:26Z</time>
    <name>KILO 21 - SG</name>
    <sym>Square, Red</sym>
    <type>user</type>
    <extensions>
      <gpxx:WaypointExtension>
        <gpxx:DisplayMode>SymbolAndName</gpxx:DisplayMode>
      </gpxx:WaypointExtension>
      <wptx1:WaypointExtension>
        <wptx1:DisplayMode>SymbolAndName</wptx1:DisplayMode>
      </wptx1:WaypointExtension>
      <ctx:CreationTimeExtension>
        <ctx:CreationTime>2026-08-10T15:01:26Z</ctx:CreationTime>
      </ctx:CreationTimeExtension>
    </extensions>
  </wpt>

  <wpt lat="50.109689310193062" lon="5.863746860995889">
    <ele>0</ele>
    <time>2026-08-10T15:01:26Z</time>
    <name>KILO 22 - SG</name>
    <sym>Square, Red</sym>
    <type>user</type>
    <extensions>
      <gpxx:WaypointExtension>
        <gpxx:DisplayMode>SymbolAndName</gpxx:DisplayMode>
      </gpxx:WaypointExtension>
      <wptx1:WaypointExtension>
        <wptx1:DisplayMode>SymbolAndName</wptx1:DisplayMode>
      </wptx1:WaypointExtension>
      <ctx:CreationTimeExtension>
        <ctx:CreationTime>2026-08-10T15:01:26Z</ctx:CreationTime>
      </ctx:CreationTimeExtension>
    </extensions>
  </wpt>

  <wpt lat="50.107992310076952" lon="5.86158231832087">
    <ele>0</ele>
    <time>2026-08-10T15:01:26Z</time>
    <name>KILO 23 - SG</name>
    <sym>Square, Red</sym>
    <type>user</type>
    <extensions>
      <gpxx:WaypointExtension>
        <gpxx:DisplayMode>SymbolAndName</gpxx:DisplayMode>
      </gpxx:WaypointExtension>
      <wptx1:WaypointExtension>
        <wptx1:DisplayMode>SymbolAndName</wptx1:DisplayMode>
      </wptx1:WaypointExtension>
      <ctx:CreationTimeExtension>
        <ctx:CreationTime>2026-08-10T15:01:26Z</ctx:CreationTime>
      </ctx:CreationTimeExtension>
    </extensions>
  </wpt>

  <wpt lat="50.10691137984395" lon="5.883936686441302">
    <ele>0</ele>
    <time>2026-08-10T15:01:26Z</time>
    <name>KILO 24 - SG</name>
    <sym>Square, Red</sym>
    <type>user</type>
    <extensions>
      <gpxx:WaypointExtension>
        <gpxx:DisplayMode>SymbolAndName</gpxx:DisplayMode>
      </gpxx:WaypointExtension>
      <wptx1:WaypointExtension>
        <wptx1:DisplayMode>SymbolAndName</wptx1:DisplayMode>
      </wptx1:WaypointExtension>
      <ctx:CreationTimeExtension>
        <ctx:CreationTime>2026-08-10T15:01:26Z</ctx:CreationTime>
      </ctx:CreationTimeExtension>
    </extensions>
  </wpt>

  <wpt lat="50.108325323089957" lon="5.890275416895747">
    <ele>0</ele>
    <time>2026-08-10T15:01:26Z</time>
    <name>KILO 25 - SG</name>
    <sym>Square, Red</sym>
    <type>user</type>
    <extensions>
      <gpxx:WaypointExtension>
        <gpxx:DisplayMode>SymbolAndName</gpxx:DisplayMode>
      </gpxx:WaypointExtension>
      <wptx1:WaypointExtension>
        <wptx1:DisplayMode>SymbolAndName</wptx1:DisplayMode>
      </wptx1:WaypointExtension>
      <ctx:CreationTimeExtension>
        <ctx:CreationTime>2026-08-10T15:01:26Z</ctx:CreationTime>
      </ctx:CreationTimeExtension>
    </extensions>
  </wpt>

  <wpt lat="50.116995479911566" lon="5.896994434297085">
    <ele>0</ele>
    <time>2026-08-10T15:01:26Z</time>
    <name>KILO 26 - SG</name>
    <sym>Square, Red</sym>
    <type>user</type>
    <extensions>
      <gpxx:WaypointExtension>
        <gpxx:DisplayMode>SymbolAndName</gpxx:DisplayMode>
      </gpxx:WaypointExtension>
      <wptx1:WaypointExtension>
        <wptx1:DisplayMode>SymbolAndName</wptx1:DisplayMode>
      </wptx1:WaypointExtension>
      <ctx:CreationTimeExtension>
        <ctx:CreationTime>2026-08-10T15:01:26Z</ctx:CreationTime>
      </ctx:CreationTimeExtension>
    </extensions>
  </wpt>

  <wpt lat="50.125040011480451" lon="5.891920030117035">
    <ele>0</ele>
    <time>2026-08-10T15:01:26Z</time>
    <name>KILO 27 - SG</name>
    <sym>Square, Red</sym>
    <type>user</type>
    <extensions>
      <gpxx:WaypointExtension>
        <gpxx:DisplayMode>SymbolAndName</gpxx:DisplayMode>
      </gpxx:WaypointExtension>
      <wptx1:WaypointExtension>
        <wptx1:DisplayMode>SymbolAndName</wptx1:DisplayMode>
      </wptx1:WaypointExtension>
      <ctx:CreationTimeExtension>
        <ctx:CreationTime>2026-08-10T15:01:26Z</ctx:CreationTime>
      </ctx:CreationTimeExtension>
    </extensions>
  </wpt>

  <wpt lat="50.129951639100909" lon="5.883994689211249">
    <ele>0</ele>
    <time>2026-08-10T15:01:26Z</time>
    <name>KILO 28 - SG</name>
    <sym>Square, Red</sym>
    <type>user</type>
    <extensions>
      <gpxx:WaypointExtension>
        <gpxx:DisplayMode>SymbolAndName</gpxx:DisplayMode>
      </gpxx:WaypointExtension>
      <wptx1:WaypointExtension>
        <wptx1:DisplayMode>SymbolAndName</wptx1:DisplayMode>
      </wptx1:WaypointExtension>
      <ctx:CreationTimeExtension>
        <ctx:CreationTime>2026-08-10T15:01:26Z</ctx:CreationTime>
      </ctx:CreationTimeExtension>
    </extensions>
  </wpt>

  <wpt lat="50.136315012350678" lon="5.870347023010254">
    <ele>0</ele>
    <time>2026-08-10T15:01:26Z</time>
    <name>KILO 29 - Police + SG</name>
    <sym>Square, Red</sym>
    <type>user</type>
    <extensions>
      <gpxx:WaypointExtension>
        <gpxx:DisplayMode>SymbolAndName</gpxx:DisplayMode>
      </gpxx:WaypointExtension>
      <wptx1:WaypointExtension>
        <wptx1:DisplayMode>SymbolAndName</wptx1:DisplayMode>
      </wptx1:WaypointExtension>
      <ctx:CreationTimeExtension>
        <ctx:CreationTime>2026-08-10T15:01:26Z</ctx:CreationTime>
      </ctx:CreationTimeExtension>
    </extensions>
  </wpt>

  <wpt lat="50.128178866580129" lon="5.789937330409885">
    <ele>0</ele>
    <time>2026-08-10T15:01:26Z</time>
    <name>KILO 3 - 2x SG</name>
    <sym>Square, Red</sym>
    <type>user</type>
    <extensions>
      <gpxx:WaypointExtension>
        <gpxx:DisplayMode>SymbolAndName</gpxx:DisplayMode>
      </gpxx:WaypointExtension>
      <wptx1:WaypointExtension>
        <wptx1:DisplayMode>SymbolAndName</wptx1:DisplayMode>
      </wptx1:WaypointExtension>
      <ctx:CreationTimeExtension>
        <ctx:CreationTime>2026-08-10T15:01:26Z</ctx:CreationTime>
      </ctx:CreationTimeExtension>
    </extensions>
  </wpt>

  <wpt lat="50.136255165562034" lon="5.869803288951516">
    <ele>0</ele>
    <time>2026-08-10T15:01:26Z</time>
    <name>KILO 30 - Police + SG</name>
    <sym>Square, Red</sym>
    <type>user</type>
    <extensions>
      <gpxx:WaypointExtension>
        <gpxx:DisplayMode>SymbolAndName</gpxx:DisplayMode>
      </gpxx:WaypointExtension>
      <wptx1:WaypointExtension>
        <wptx1:DisplayMode>SymbolAndName</wptx1:DisplayMode>
      </wptx1:WaypointExtension>
      <ctx:CreationTimeExtension>
        <ctx:CreationTime>2026-08-10T15:01:26Z</ctx:CreationTime>
      </ctx:CreationTimeExtension>
    </extensions>
  </wpt>

  <wpt lat="50.149647602811456" lon="5.868416000157595">
    <ele>0</ele>
    <time>2026-08-10T15:01:26Z</time>
    <name>KILO 31 - SG</name>
    <sym>Square, Red</sym>
    <type>user</type>
    <extensions>
      <gpxx:WaypointExtension>
        <gpxx:DisplayMode>SymbolAndName</gpxx:DisplayMode>
      </gpxx:WaypointExtension>
      <wptx1:WaypointExtension>
        <wptx1:DisplayMode>SymbolAndName</wptx1:DisplayMode>
      </wptx1:WaypointExtension>
      <ctx:CreationTimeExtension>
        <ctx:CreationTime>2026-08-10T15:01:26Z</ctx:CreationTime>
      </ctx:CreationTimeExtension>
    </extensions>
  </wpt>

  <wpt lat="50.149992182850838" lon="5.868045771494508">
    <ele>0</ele>
    <time>2026-08-10T15:01:26Z</time>
    <name>KILO 32 - SG</name>
    <sym>Square, Red</sym>
    <type>user</type>
    <extensions>
      <gpxx:WaypointExtension>
        <gpxx:DisplayMode>SymbolAndName</gpxx:DisplayMode>
      </gpxx:WaypointExtension>
      <wptx1:WaypointExtension>
        <wptx1:DisplayMode>SymbolAndName</wptx1:DisplayMode>
      </wptx1:WaypointExtension>
      <ctx:CreationTimeExtension>
        <ctx:CreationTime>2026-08-10T15:01:26Z</ctx:CreationTime>
      </ctx:CreationTimeExtension>
    </extensions>
  </wpt>

  <wpt lat="50.150605821982026" lon="5.868334611877799">
    <ele>0</ele>
    <time>2026-08-10T15:01:26Z</time>
    <name>KILO 33 - SG</name>
    <sym>Square, Red</sym>
    <type>user</type>
    <extensions>
      <gpxx:WaypointExtension>
        <gpxx:DisplayMode>SymbolAndName</gpxx:DisplayMode>
      </gpxx:WaypointExtension>
      <wptx1:WaypointExtension>
        <wptx1:DisplayMode>SymbolAndName</wptx1:DisplayMode>
      </wptx1:WaypointExtension>
      <ctx:CreationTimeExtension>
        <ctx:CreationTime>2026-08-10T15:01:26Z</ctx:CreationTime>
      </ctx:CreationTimeExtension>
    </extensions>
  </wpt>

  <wpt lat="50.158798713237047" lon="5.862617399543524">
    <ele>0</ele>
    <time>2026-08-10T15:01:26Z</time>
    <name>KILO 34 - SG</name>
    <sym>Square, Red</sym>
    <type>user</type>
    <extensions>
      <gpxx:WaypointExtension>
        <gpxx:DisplayMode>SymbolAndName</gpxx:DisplayMode>
      </gpxx:WaypointExtension>
      <wptx1:WaypointExtension>
        <wptx1:DisplayMode>SymbolAndName</wptx1:DisplayMode>
      </wptx1:WaypointExtension>
      <ctx:CreationTimeExtension>
        <ctx:CreationTime>2026-08-10T15:01:26Z</ctx:CreationTime>
      </ctx:CreationTimeExtension>
    </extensions>
  </wpt>

  <wpt lat="50.160428993403912" lon="5.862316992133856">
    <ele>0</ele>
    <time>2026-08-10T15:01:26Z</time>
    <name>KILO 35  - SG</name>
    <sym>Square, Red</sym>
    <type>user</type>
    <extensions>
      <gpxx:WaypointExtension>
        <gpxx:DisplayMode>SymbolAndName</gpxx:DisplayMode>
      </gpxx:WaypointExtension>
      <wptx1:WaypointExtension>
        <wptx1:DisplayMode>SymbolAndName</wptx1:DisplayMode>
      </wptx1:WaypointExtension>
      <ctx:CreationTimeExtension>
        <ctx:CreationTime>2026-08-10T15:01:26Z</ctx:CreationTime>
      </ctx:CreationTimeExtension>
    </extensions>
  </wpt>

  <wpt lat="50.163729535415769" lon="5.862899534404278">
    <ele>0</ele>
    <time>2026-08-10T15:01:26Z</time>
    <name>KILO 36 - SG</name>
    <sym>Square, Red</sym>
    <type>user</type>
    <extensions>
      <gpxx:WaypointExtension>
        <gpxx:DisplayMode>SymbolAndName</gpxx:DisplayMode>
      </gpxx:WaypointExtension>
      <wptx1:WaypointExtension>
        <wptx1:DisplayMode>SymbolAndName</wptx1:DisplayMode>
      </wptx1:WaypointExtension>
      <ctx:CreationTimeExtension>
        <ctx:CreationTime>2026-08-10T15:01:26Z</ctx:CreationTime>
      </ctx:CreationTimeExtension>
    </extensions>
  </wpt>

  <wpt lat="50.163293089717627" lon="5.861268667504191">
    <ele>0</ele>
    <time>2026-08-10T15:01:26Z</time>
    <name>KILO 37 - SG</name>
    <sym>Square, Red</sym>
    <type>user</type>
    <extensions>
      <gpxx:WaypointExtension>
        <gpxx:DisplayMode>SymbolAndName</gpxx:DisplayMode>
      </gpxx:WaypointExtension>
      <wptx1:WaypointExtension>
        <wptx1:DisplayMode>SymbolAndName</wptx1:DisplayMode>
      </wptx1:WaypointExtension>
      <ctx:CreationTimeExtension>
        <ctx:CreationTime>2026-08-10T15:01:26Z</ctx:CreationTime>
      </ctx:CreationTimeExtension>
    </extensions>
  </wpt>

  <wpt lat="50.168575029820204" lon="5.852365996688604">
    <ele>0</ele>
    <time>2026-08-10T15:01:26Z</time>
    <name>KILO 38 - 2x SG</name>
    <sym>Square, Red</sym>
    <type>user</type>
    <extensions>
      <gpxx:WaypointExtension>
        <gpxx:DisplayMode>SymbolAndName</gpxx:DisplayMode>
      </gpxx:WaypointExtension>
      <wptx1:WaypointExtension>
        <wptx1:DisplayMode>SymbolAndName</wptx1:DisplayMode>
      </wptx1:WaypointExtension>
      <ctx:CreationTimeExtension>
        <ctx:CreationTime>2026-08-10T15:01:26Z</ctx:CreationTime>
      </ctx:CreationTimeExtension>
    </extensions>
  </wpt>

  <wpt lat="50.173130007460713" lon="5.845576990395784">
    <ele>0</ele>
    <time>2026-08-10T15:01:26Z</time>
    <name>KILO 39 - SG</name>
    <sym>Square, Red</sym>
    <type>user</type>
    <extensions>
      <gpxx:WaypointExtension>
        <gpxx:DisplayMode>SymbolAndName</gpxx:DisplayMode>
      </gpxx:WaypointExtension>
      <wptx1:WaypointExtension>
        <wptx1:DisplayMode>SymbolAndName</wptx1:DisplayMode>
      </wptx1:WaypointExtension>
      <ctx:CreationTimeExtension>
        <ctx:CreationTime>2026-08-10T15:01:26Z</ctx:CreationTime>
      </ctx:CreationTimeExtension>
    </extensions>
  </wpt>

  <wpt lat="50.127898072823882" lon="5.789563916623592">
    <ele>0</ele>
    <time>2026-08-10T15:01:26Z</time>
    <name>KILO 4 - SG</name>
    <sym>Square, Red</sym>
    <type>user</type>
    <extensions>
      <gpxx:WaypointExtension>
        <gpxx:DisplayMode>SymbolAndName</gpxx:DisplayMode>
      </gpxx:WaypointExtension>
      <wptx1:WaypointExtension>
        <wptx1:DisplayMode>SymbolAndName</wptx1:DisplayMode>
      </wptx1:WaypointExtension>
      <ctx:CreationTimeExtension>
        <ctx:CreationTime>2026-08-10T15:01:26Z</ctx:CreationTime>
      </ctx:CreationTimeExtension>
    </extensions>
  </wpt>

  <wpt lat="50.173436785116792" lon="5.844539981335402">
    <ele>0</ele>
    <time>2026-08-10T15:01:26Z</time>
    <name>KILO 40 - SG</name>
    <sym>Square, Red</sym>
    <type>user</type>
    <extensions>
      <gpxx:WaypointExtension>
        <gpxx:DisplayMode>SymbolAndName</gpxx:DisplayMode>
      </gpxx:WaypointExtension>
      <wptx1:WaypointExtension>
        <wptx1:DisplayMode>SymbolAndName</wptx1:DisplayMode>
      </wptx1:WaypointExtension>
      <ctx:CreationTimeExtension>
        <ctx:CreationTime>2026-08-10T15:01:26Z</ctx:CreationTime>
      </ctx:CreationTimeExtension>
    </extensions>
  </wpt>

  <wpt lat="50.175236966460943" lon="5.843542031943798">
    <ele>0</ele>
    <time>2026-08-10T15:01:26Z</time>
    <name>KILO 41 - Police + 2x SG</name>
    <sym>Square, Red</sym>
    <type>user</type>
    <extensions>
      <gpxx:WaypointExtension>
        <gpxx:DisplayMode>SymbolAndName</gpxx:DisplayMode>
      </gpxx:WaypointExtension>
      <wptx1:WaypointExtension>
        <wptx1:DisplayMode>SymbolAndName</wptx1:DisplayMode>
      </wptx1:WaypointExtension>
      <ctx:CreationTimeExtension>
        <ctx:CreationTime>2026-08-10T15:01:26Z</ctx:CreationTime>
      </ctx:CreationTimeExtension>
    </extensions>
  </wpt>

  <wpt lat="50.177257675677538" lon="5.840880358591676">
    <ele>0</ele>
    <time>2026-08-10T15:01:26Z</time>
    <name>KILO 42 - SG</name>
    <sym>Square, Red</sym>
    <type>user</type>
    <extensions>
      <gpxx:WaypointExtension>
        <gpxx:DisplayMode>SymbolAndName</gpxx:DisplayMode>
      </gpxx:WaypointExtension>
      <wptx1:WaypointExtension>
        <wptx1:DisplayMode>SymbolAndName</wptx1:DisplayMode>
      </wptx1:WaypointExtension>
      <ctx:CreationTimeExtension>
        <ctx:CreationTime>2026-08-10T15:01:26Z</ctx:CreationTime>
      </ctx:CreationTimeExtension>
    </extensions>
  </wpt>

  <wpt lat="50.17694796435535" lon="5.832012975588441">
    <ele>0</ele>
    <time>2026-08-10T15:01:26Z</time>
    <name>KILO 43 - 2x SG</name>
    <sym>Square, Red</sym>
    <type>user</type>
    <extensions>
      <gpxx:WaypointExtension>
        <gpxx:DisplayMode>SymbolAndName</gpxx:DisplayMode>
      </gpxx:WaypointExtension>
      <wptx1:WaypointExtension>
        <wptx1:DisplayMode>SymbolAndName</wptx1:DisplayMode>
      </wptx1:WaypointExtension>
      <ctx:CreationTimeExtension>
        <ctx:CreationTime>2026-08-10T15:01:26Z</ctx:CreationTime>
      </ctx:CreationTimeExtension>
    </extensions>
  </wpt>

  <wpt lat="50.179299004375935" lon="5.822820039466023">
    <ele>0</ele>
    <time>2026-08-10T15:01:26Z</time>
    <name>KILO 44 - SG</name>
    <sym>Square, Red</sym>
    <type>user</type>
    <extensions>
      <gpxx:WaypointExtension>
        <gpxx:DisplayMode>SymbolAndName</gpxx:DisplayMode>
      </gpxx:WaypointExtension>
      <wptx1:WaypointExtension>
        <wptx1:DisplayMode>SymbolAndName</wptx1:DisplayMode>
      </wptx1:WaypointExtension>
      <ctx:CreationTimeExtension>
        <ctx:CreationTime>2026-08-10T15:01:26Z</ctx:CreationTime>
      </ctx:CreationTimeExtension>
    </extensions>
  </wpt>

  <wpt lat="50.185575960204005" lon="5.819901963695884">
    <ele>0</ele>
    <time>2026-08-10T15:01:26Z</time>
    <name>KILO 45 - Police + 2x SG</name>
    <sym>Square, Red</sym>
    <type>user</type>
    <extensions>
      <gpxx:WaypointExtension>
        <gpxx:DisplayMode>SymbolAndName</gpxx:DisplayMode>
      </gpxx:WaypointExtension>
      <wptx1:WaypointExtension>
        <wptx1:DisplayMode>SymbolAndName</wptx1:DisplayMode>
      </wptx1:WaypointExtension>
      <ctx:CreationTimeExtension>
        <ctx:CreationTime>2026-08-10T15:01:26Z</ctx:CreationTime>
      </ctx:CreationTimeExtension>
    </extensions>
  </wpt>

  <wpt lat="50.192004963755608" lon="5.821774983778596">
    <ele>0</ele>
    <time>2026-08-10T15:01:26Z</time>
    <name>KILO 46 - SG</name>
    <sym>Square, Red</sym>
    <type>user</type>
    <extensions>
      <gpxx:WaypointExtension>
        <gpxx:DisplayMode>SymbolAndName</gpxx:DisplayMode>
      </gpxx:WaypointExtension>
      <wptx1:WaypointExtension>
        <wptx1:DisplayMode>SymbolAndName</wptx1:DisplayMode>
      </wptx1:WaypointExtension>
      <ctx:CreationTimeExtension>
        <ctx:CreationTime>2026-08-10T15:01:26Z</ctx:CreationTime>
      </ctx:CreationTimeExtension>
    </extensions>
  </wpt>

  <wpt lat="50.195261416956782" lon="5.819834489375353">
    <ele>0</ele>
    <time>2026-08-10T15:01:26Z</time>
    <name>KILO 47  - SG</name>
    <sym>Square, Red</sym>
    <type>user</type>
    <extensions>
      <gpxx:WaypointExtension>
        <gpxx:DisplayMode>SymbolAndName</gpxx:DisplayMode>
      </gpxx:WaypointExtension>
      <wptx1:WaypointExtension>
        <wptx1:DisplayMode>SymbolAndName</wptx1:DisplayMode>
      </wptx1:WaypointExtension>
      <ctx:CreationTimeExtension>
        <ctx:CreationTime>2026-08-10T15:01:26Z</ctx:CreationTime>
      </ctx:CreationTimeExtension>
    </extensions>
  </wpt>

  <wpt lat="50.196415269747376" lon="5.819469708949328">
    <ele>0</ele>
    <time>2026-08-10T15:01:26Z</time>
    <name>KILO 48 - SG</name>
    <sym>Square, Red</sym>
    <type>user</type>
    <extensions>
      <gpxx:WaypointExtension>
        <gpxx:DisplayMode>SymbolAndName</gpxx:DisplayMode>
      </gpxx:WaypointExtension>
      <wptx1:WaypointExtension>
        <wptx1:DisplayMode>SymbolAndName</wptx1:DisplayMode>
      </wptx1:WaypointExtension>
      <ctx:CreationTimeExtension>
        <ctx:CreationTime>2026-08-10T15:01:26Z</ctx:CreationTime>
      </ctx:CreationTimeExtension>
    </extensions>
  </wpt>

  <wpt lat="50.216566035524011" lon="5.800601039081812">
    <ele>0</ele>
    <time>2026-08-10T15:01:26Z</time>
    <name>KILO 49 - SG</name>
    <sym>Square, Red</sym>
    <type>user</type>
    <extensions>
      <gpxx:WaypointExtension>
        <gpxx:DisplayMode>SymbolAndName</gpxx:DisplayMode>
      </gpxx:WaypointExtension>
      <wptx1:WaypointExtension>
        <wptx1:DisplayMode>SymbolAndName</wptx1:DisplayMode>
      </wptx1:WaypointExtension>
      <ctx:CreationTimeExtension>
        <ctx:CreationTime>2026-08-10T15:01:26Z</ctx:CreationTime>
      </ctx:CreationTimeExtension>
    </extensions>
  </wpt>

  <wpt lat="50.127403121441603" lon="5.789349591359496">
    <ele>0</ele>
    <time>2026-08-10T15:01:26Z</time>
    <name>KILO 5 - SG</name>
    <sym>Square, Red</sym>
    <type>user</type>
    <extensions>
      <gpxx:WaypointExtension>
        <gpxx:DisplayMode>SymbolAndName</gpxx:DisplayMode>
      </gpxx:WaypointExtension>
      <wptx1:WaypointExtension>
        <wptx1:DisplayMode>SymbolAndName</wptx1:DisplayMode>
      </wptx1:WaypointExtension>
      <ctx:CreationTimeExtension>
        <ctx:CreationTime>2026-08-10T15:01:26Z</ctx:CreationTime>
      </ctx:CreationTimeExtension>
    </extensions>
  </wpt>

  <wpt lat="50.218640388920903" lon="5.773490779101849">
    <ele>0</ele>
    <time>2026-08-10T15:01:26Z</time>
    <name>KILO 50 - Politie + 2x SG</name>
    <sym>Square, Red</sym>
    <type>user</type>
    <extensions>
      <gpxx:WaypointExtension>
        <gpxx:DisplayMode>SymbolAndName</gpxx:DisplayMode>
      </gpxx:WaypointExtension>
      <wptx1:WaypointExtension>
        <wptx1:DisplayMode>SymbolAndName</wptx1:DisplayMode>
      </wptx1:WaypointExtension>
      <ctx:CreationTimeExtension>
        <ctx:CreationTime>2026-08-10T15:01:26Z</ctx:CreationTime>
      </ctx:CreationTimeExtension>
    </extensions>
  </wpt>

  <wpt lat="50.216665780171752" lon="5.774306003004313">
    <ele>0</ele>
    <time>2026-08-10T15:01:26Z</time>
    <name>KILO 51 - 2x Police + 2x SG</name>
    <sym>Square, Red</sym>
    <type>user</type>
    <extensions>
      <gpxx:WaypointExtension>
        <gpxx:DisplayMode>SymbolAndName</gpxx:DisplayMode>
      </gpxx:WaypointExtension>
      <wptx1:WaypointExtension>
        <wptx1:DisplayMode>SymbolAndName</wptx1:DisplayMode>
      </wptx1:WaypointExtension>
      <ctx:CreationTimeExtension>
        <ctx:CreationTime>2026-08-10T15:01:26Z</ctx:CreationTime>
      </ctx:CreationTimeExtension>
    </extensions>
  </wpt>

  <wpt lat="50.222909627482295" lon="5.752529231831431">
    <ele>0</ele>
    <time>2026-08-10T15:01:26Z</time>
    <name>KILO 52 - SG</name>
    <sym>Square, Red</sym>
    <type>user</type>
    <extensions>
      <gpxx:WaypointExtension>
        <gpxx:DisplayMode>SymbolAndName</gpxx:DisplayMode>
      </gpxx:WaypointExtension>
      <wptx1:WaypointExtension>
        <wptx1:DisplayMode>SymbolAndName</wptx1:DisplayMode>
      </wptx1:WaypointExtension>
      <ctx:CreationTimeExtension>
        <ctx:CreationTime>2026-08-10T15:01:26Z</ctx:CreationTime>
      </ctx:CreationTimeExtension>
    </extensions>
  </wpt>

  <wpt lat="50.220696218311787" lon="5.748126385733485">
    <ele>0</ele>
    <time>2026-08-10T15:01:26Z</time>
    <name>KILO 53 - SG</name>
    <sym>Square, Red</sym>
    <type>user</type>
    <extensions>
      <gpxx:WaypointExtension>
        <gpxx:DisplayMode>SymbolAndName</gpxx:DisplayMode>
      </gpxx:WaypointExtension>
      <wptx1:WaypointExtension>
        <wptx1:DisplayMode>SymbolAndName</wptx1:DisplayMode>
      </wptx1:WaypointExtension>
      <ctx:CreationTimeExtension>
        <ctx:CreationTime>2026-08-10T15:01:26Z</ctx:CreationTime>
      </ctx:CreationTimeExtension>
    </extensions>
  </wpt>

  <wpt lat="50.206169206649065" lon="5.750522268936038">
    <ele>0</ele>
    <time>2026-08-10T15:01:26Z</time>
    <name>KILO 54 - SG</name>
    <sym>Square, Red</sym>
    <type>user</type>
    <extensions>
      <gpxx:WaypointExtension>
        <gpxx:DisplayMode>SymbolAndName</gpxx:DisplayMode>
      </gpxx:WaypointExtension>
      <wptx1:WaypointExtension>
        <wptx1:DisplayMode>SymbolAndName</wptx1:DisplayMode>
      </wptx1:WaypointExtension>
      <ctx:CreationTimeExtension>
        <ctx:CreationTime>2026-08-10T15:01:26Z</ctx:CreationTime>
      </ctx:CreationTimeExtension>
    </extensions>
  </wpt>

  <wpt lat="50.206219330430031" lon="5.755931111052632">
    <ele>0</ele>
    <time>2026-08-10T15:01:26Z</time>
    <name>KILO 55 - SG</name>
    <sym>Square, Red</sym>
    <type>user</type>
    <extensions>
      <gpxx:WaypointExtension>
        <gpxx:DisplayMode>SymbolAndName</gpxx:DisplayMode>
      </gpxx:WaypointExtension>
      <wptx1:WaypointExtension>
        <wptx1:DisplayMode>SymbolAndName</wptx1:DisplayMode>
      </wptx1:WaypointExtension>
      <ctx:CreationTimeExtension>
        <ctx:CreationTime>2026-08-10T15:01:26Z</ctx:CreationTime>
      </ctx:CreationTimeExtension>
    </extensions>
  </wpt>

  <wpt lat="50.186416581273079" lon="5.756944064050913">
    <ele>0</ele>
    <time>2026-08-10T15:01:26Z</time>
    <name>KILO 56 - SG</name>
    <sym>Square, Red</sym>
    <type>user</type>
    <extensions>
      <gpxx:WaypointExtension>
        <gpxx:DisplayMode>SymbolAndName</gpxx:DisplayMode>
      </gpxx:WaypointExtension>
      <wptx1:WaypointExtension>
        <wptx1:DisplayMode>SymbolAndName</wptx1:DisplayMode>
      </wptx1:WaypointExtension>
      <ctx:CreationTimeExtension>
        <ctx:CreationTime>2026-08-10T15:01:26Z</ctx:CreationTime>
      </ctx:CreationTimeExtension>
    </extensions>
  </wpt>

  <wpt lat="50.176592236384749" lon="5.768244126811624">
    <ele>0</ele>
    <time>2026-08-10T15:01:26Z</time>
    <name>KILO 57 - SG</name>
    <sym>Square, Red</sym>
    <type>user</type>
    <extensions>
      <gpxx:WaypointExtension>
        <gpxx:DisplayMode>SymbolAndName</gpxx:DisplayMode>
      </gpxx:WaypointExtension>
      <wptx1:WaypointExtension>
        <wptx1:DisplayMode>SymbolAndName</wptx1:DisplayMode>
      </wptx1:WaypointExtension>
      <ctx:CreationTimeExtension>
        <ctx:CreationTime>2026-08-10T15:01:26Z</ctx:CreationTime>
      </ctx:CreationTimeExtension>
    </extensions>
  </wpt>

  <wpt lat="50.173125062137842" lon="5.771287679672241">
    <ele>0</ele>
    <time>2026-08-10T15:01:26Z</time>
    <name>KILO 58 - SG</name>
    <sym>Square, Red</sym>
    <type>user</type>
    <extensions>
      <gpxx:WaypointExtension>
        <gpxx:DisplayMode>SymbolAndName</gpxx:DisplayMode>
      </gpxx:WaypointExtension>
      <wptx1:WaypointExtension>
        <wptx1:DisplayMode>SymbolAndName</wptx1:DisplayMode>
      </wptx1:WaypointExtension>
      <ctx:CreationTimeExtension>
        <ctx:CreationTime>2026-08-10T15:01:26Z</ctx:CreationTime>
      </ctx:CreationTimeExtension>
    </extensions>
  </wpt>

  <wpt lat="50.172527264803648" lon="5.771014094352722">
    <ele>0</ele>
    <time>2026-08-10T15:01:26Z</time>
    <name>KILO 59 - SG</name>
    <sym>Square, Red</sym>
    <type>user</type>
    <extensions>
      <gpxx:WaypointExtension>
        <gpxx:DisplayMode>SymbolAndName</gpxx:DisplayMode>
      </gpxx:WaypointExtension>
      <wptx1:WaypointExtension>
        <wptx1:DisplayMode>SymbolAndName</wptx1:DisplayMode>
      </wptx1:WaypointExtension>
      <ctx:CreationTimeExtension>
        <ctx:CreationTime>2026-08-10T15:01:26Z</ctx:CreationTime>
      </ctx:CreationTimeExtension>
    </extensions>
  </wpt>

  <wpt lat="50.127038592472672" lon="5.788720613345504">
    <ele>0</ele>
    <time>2026-08-10T15:01:26Z</time>
    <name>KILO 6 - SG</name>
    <sym>Square, Red</sym>
    <type>user</type>
    <extensions>
      <gpxx:WaypointExtension>
        <gpxx:DisplayMode>SymbolAndName</gpxx:DisplayMode>
      </gpxx:WaypointExtension>
      <wptx1:WaypointExtension>
        <wptx1:DisplayMode>SymbolAndName</wptx1:DisplayMode>
      </wptx1:WaypointExtension>
      <ctx:CreationTimeExtension>
        <ctx:CreationTime>2026-08-10T15:01:26Z</ctx:CreationTime>
      </ctx:CreationTimeExtension>
    </extensions>
  </wpt>

  <wpt lat="50.171316415071487" lon="5.76795419678092">
    <ele>0</ele>
    <time>2026-08-10T15:01:26Z</time>
    <name>KILO 60 - SG</name>
    <sym>Square, Red</sym>
    <type>user</type>
    <extensions>
      <gpxx:WaypointExtension>
        <gpxx:DisplayMode>SymbolAndName</gpxx:DisplayMode>
      </gpxx:WaypointExtension>
      <wptx1:WaypointExtension>
        <wptx1:DisplayMode>SymbolAndName</wptx1:DisplayMode>
      </wptx1:WaypointExtension>
      <ctx:CreationTimeExtension>
        <ctx:CreationTime>2026-08-10T15:01:26Z</ctx:CreationTime>
      </ctx:CreationTimeExtension>
    </extensions>
  </wpt>

  <wpt lat="50.16907911747694" lon="5.764283929020166">
    <ele>0</ele>
    <time>2026-08-10T15:01:26Z</time>
    <name>KILO 61 - SG</name>
    <sym>Square, Red</sym>
    <type>user</type>
    <extensions>
      <gpxx:WaypointExtension>
        <gpxx:DisplayMode>SymbolAndName</gpxx:DisplayMode>
      </gpxx:WaypointExtension>
      <wptx1:WaypointExtension>
        <wptx1:DisplayMode>SymbolAndName</wptx1:DisplayMode>
      </wptx1:WaypointExtension>
      <ctx:CreationTimeExtension>
        <ctx:CreationTime>2026-08-10T15:01:26Z</ctx:CreationTime>
      </ctx:CreationTimeExtension>
    </extensions>
  </wpt>

  <wpt lat="50.168556924909353" lon="5.765038887038827">
    <ele>0</ele>
    <time>2026-08-10T15:01:26Z</time>
    <name>KILO 62 - SG</name>
    <sym>Square, Red</sym>
    <type>user</type>
    <extensions>
      <gpxx:WaypointExtension>
        <gpxx:DisplayMode>SymbolAndName</gpxx:DisplayMode>
      </gpxx:WaypointExtension>
      <wptx1:WaypointExtension>
        <wptx1:DisplayMode>SymbolAndName</wptx1:DisplayMode>
      </wptx1:WaypointExtension>
      <ctx:CreationTimeExtension>
        <ctx:CreationTime>2026-08-10T15:01:26Z</ctx:CreationTime>
      </ctx:CreationTimeExtension>
    </extensions>
  </wpt>

  <wpt lat="50.167358228936791" lon="5.765672391280532">
    <ele>0</ele>
    <time>2026-08-10T15:01:26Z</time>
    <name>KILO 63 - SG</name>
    <sym>Square, Red</sym>
    <type>user</type>
    <extensions>
      <gpxx:WaypointExtension>
        <gpxx:DisplayMode>SymbolAndName</gpxx:DisplayMode>
      </gpxx:WaypointExtension>
      <wptx1:WaypointExtension>
        <wptx1:DisplayMode>SymbolAndName</wptx1:DisplayMode>
      </wptx1:WaypointExtension>
      <ctx:CreationTimeExtension>
        <ctx:CreationTime>2026-08-10T15:01:26Z</ctx:CreationTime>
      </ctx:CreationTimeExtension>
    </extensions>
  </wpt>

  <wpt lat="50.166514171287417" lon="5.767461508512497">
    <ele>0</ele>
    <time>2026-08-10T15:01:26Z</time>
    <name>KILO 64 - SG</name>
    <sym>Square, Red</sym>
    <type>user</type>
    <extensions>
      <gpxx:WaypointExtension>
        <gpxx:DisplayMode>SymbolAndName</gpxx:DisplayMode>
      </gpxx:WaypointExtension>
      <wptx1:WaypointExtension>
        <wptx1:DisplayMode>SymbolAndName</wptx1:DisplayMode>
      </wptx1:WaypointExtension>
      <ctx:CreationTimeExtension>
        <ctx:CreationTime>2026-08-10T15:01:26Z</ctx:CreationTime>
      </ctx:CreationTimeExtension>
    </extensions>
  </wpt>

  <wpt lat="50.158753534778953" lon="5.768761206418276">
    <ele>0</ele>
    <time>2026-08-10T15:01:26Z</time>
    <name>KILO 65 - SG</name>
    <sym>Square, Red</sym>
    <type>user</type>
    <extensions>
      <gpxx:WaypointExtension>
        <gpxx:DisplayMode>SymbolAndName</gpxx:DisplayMode>
      </gpxx:WaypointExtension>
      <wptx1:WaypointExtension>
        <wptx1:DisplayMode>SymbolAndName</wptx1:DisplayMode>
      </wptx1:WaypointExtension>
      <ctx:CreationTimeExtension>
        <ctx:CreationTime>2026-08-10T15:01:26Z</ctx:CreationTime>
      </ctx:CreationTimeExtension>
    </extensions>
  </wpt>

  <wpt lat="50.155069101601839" lon="5.771213667467237">
    <ele>0</ele>
    <time>2026-08-10T15:01:26Z</time>
    <name>KILO 66 - SG</name>
    <sym>Square, Red</sym>
    <type>user</type>
    <extensions>
      <gpxx:WaypointExtension>
        <gpxx:DisplayMode>SymbolAndName</gpxx:DisplayMode>
      </gpxx:WaypointExtension>
      <wptx1:WaypointExtension>
        <wptx1:DisplayMode>SymbolAndName</wptx1:DisplayMode>
      </wptx1:WaypointExtension>
      <ctx:CreationTimeExtension>
        <ctx:CreationTime>2026-08-10T15:01:26Z</ctx:CreationTime>
      </ctx:CreationTimeExtension>
    </extensions>
  </wpt>

  <wpt lat="50.154368039220572" lon="5.768617372959852">
    <ele>0</ele>
    <time>2026-08-10T15:01:26Z</time>
    <name>KILO 67 - SG</name>
    <sym>Square, Red</sym>
    <type>user</type>
    <extensions>
      <gpxx:WaypointExtension>
        <gpxx:DisplayMode>SymbolAndName</gpxx:DisplayMode>
      </gpxx:WaypointExtension>
      <wptx1:WaypointExtension>
        <wptx1:DisplayMode>SymbolAndName</wptx1:DisplayMode>
      </wptx1:WaypointExtension>
      <ctx:CreationTimeExtension>
        <ctx:CreationTime>2026-08-10T15:01:26Z</ctx:CreationTime>
      </ctx:CreationTimeExtension>
    </extensions>
  </wpt>

  <wpt lat="50.153198512271047" lon="5.769544830545783">
    <ele>0</ele>
    <time>2026-08-10T15:01:26Z</time>
    <name>KILO 68 - SG</name>
    <sym>Square, Red</sym>
    <type>user</type>
    <extensions>
      <gpxx:WaypointExtension>
        <gpxx:DisplayMode>SymbolAndName</gpxx:DisplayMode>
      </gpxx:WaypointExtension>
      <wptx1:WaypointExtension>
        <wptx1:DisplayMode>SymbolAndName</wptx1:DisplayMode>
      </wptx1:WaypointExtension>
      <ctx:CreationTimeExtension>
        <ctx:CreationTime>2026-08-10T15:01:26Z</ctx:CreationTime>
      </ctx:CreationTimeExtension>
    </extensions>
  </wpt>

  <wpt lat="50.152994329109788" lon="5.770121002569795">
    <ele>0</ele>
    <time>2026-08-10T15:01:26Z</time>
    <name>KILO 69 - SG</name>
    <sym>Square, Red</sym>
    <type>user</type>
    <extensions>
      <gpxx:WaypointExtension>
        <gpxx:DisplayMode>SymbolAndName</gpxx:DisplayMode>
      </gpxx:WaypointExtension>
      <wptx1:WaypointExtension>
        <wptx1:DisplayMode>SymbolAndName</wptx1:DisplayMode>
      </wptx1:WaypointExtension>
      <ctx:CreationTimeExtension>
        <ctx:CreationTime>2026-08-10T15:01:26Z</ctx:CreationTime>
      </ctx:CreationTimeExtension>
    </extensions>
  </wpt>

  <wpt lat="50.121461106464267" lon="5.789033928886056">
    <ele>0</ele>
    <time>2026-08-10T15:01:26Z</time>
    <name>KILO 7 - SG</name>
    <sym>Square, Red</sym>
    <type>user</type>
    <extensions>
      <gpxx:WaypointExtension>
        <gpxx:DisplayMode>SymbolAndName</gpxx:DisplayMode>
      </gpxx:WaypointExtension>
      <wptx1:WaypointExtension>
        <wptx1:DisplayMode>SymbolAndName</wptx1:DisplayMode>
      </wptx1:WaypointExtension>
      <ctx:CreationTimeExtension>
        <ctx:CreationTime>2026-08-10T15:01:26Z</ctx:CreationTime>
      </ctx:CreationTimeExtension>
    </extensions>
  </wpt>

  <wpt lat="50.151791693642735" lon="5.773177715018392">
    <ele>0</ele>
    <time>2026-08-10T15:01:26Z</time>
    <name>KILO 70 - Police + SG</name>
    <sym>Square, Red</sym>
    <type>user</type>
    <extensions>
      <gpxx:WaypointExtension>
        <gpxx:DisplayMode>SymbolAndName</gpxx:DisplayMode>
      </gpxx:WaypointExtension>
      <wptx1:WaypointExtension>
        <wptx1:DisplayMode>SymbolAndName</wptx1:DisplayMode>
      </wptx1:WaypointExtension>
      <ctx:CreationTimeExtension>
        <ctx:CreationTime>2026-08-10T15:01:26Z</ctx:CreationTime>
      </ctx:CreationTimeExtension>
    </extensions>
  </wpt>

  <wpt lat="50.152228223159909" lon="5.773998470976949">
    <ele>0</ele>
    <time>2026-08-10T15:01:26Z</time>
    <name>KILO 71 - Police + SG</name>
    <sym>Square, Red</sym>
    <type>user</type>
    <extensions>
      <gpxx:WaypointExtension>
        <gpxx:DisplayMode>SymbolAndName</gpxx:DisplayMode>
      </gpxx:WaypointExtension>
      <wptx1:WaypointExtension>
        <wptx1:DisplayMode>SymbolAndName</wptx1:DisplayMode>
      </wptx1:WaypointExtension>
      <ctx:CreationTimeExtension>
        <ctx:CreationTime>2026-08-10T15:01:26Z</ctx:CreationTime>
      </ctx:CreationTimeExtension>
    </extensions>
  </wpt>

  <wpt lat="50.14988724142313" lon="5.776467360556126">
    <ele>0</ele>
    <time>2026-08-10T15:01:26Z</time>
    <name>KILO 72  - SG</name>
    <sym>Square, Red</sym>
    <type>user</type>
    <extensions>
      <gpxx:WaypointExtension>
        <gpxx:DisplayMode>SymbolAndName</gpxx:DisplayMode>
      </gpxx:WaypointExtension>
      <wptx1:WaypointExtension>
        <wptx1:DisplayMode>SymbolAndName</wptx1:DisplayMode>
      </wptx1:WaypointExtension>
      <ctx:CreationTimeExtension>
        <ctx:CreationTime>2026-08-10T15:01:26Z</ctx:CreationTime>
      </ctx:CreationTimeExtension>
    </extensions>
  </wpt>

  <wpt lat="50.150568941608071" lon="5.784077374264598">
    <ele>0</ele>
    <time>2026-08-10T15:01:26Z</time>
    <name>KILO 73 - SG</name>
    <sym>Square, Red</sym>
    <type>user</type>
    <extensions>
      <gpxx:WaypointExtension>
        <gpxx:DisplayMode>SymbolAndName</gpxx:DisplayMode>
      </gpxx:WaypointExtension>
      <wptx1:WaypointExtension>
        <wptx1:DisplayMode>SymbolAndName</wptx1:DisplayMode>
      </wptx1:WaypointExtension>
      <ctx:CreationTimeExtension>
        <ctx:CreationTime>2026-08-10T15:01:26Z</ctx:CreationTime>
      </ctx:CreationTimeExtension>
    </extensions>
  </wpt>

  <wpt lat="50.148916197940707" lon="5.78474641777575">
    <ele>0</ele>
    <time>2026-08-10T15:01:26Z</time>
    <name>KILO 74 - SG</name>
    <sym>Square, Red</sym>
    <type>user</type>
    <extensions>
      <gpxx:WaypointExtension>
        <gpxx:DisplayMode>SymbolAndName</gpxx:DisplayMode>
      </gpxx:WaypointExtension>
      <wptx1:WaypointExtension>
        <wptx1:DisplayMode>SymbolAndName</wptx1:DisplayMode>
      </wptx1:WaypointExtension>
      <ctx:CreationTimeExtension>
        <ctx:CreationTime>2026-08-10T15:01:26Z</ctx:CreationTime>
      </ctx:CreationTimeExtension>
    </extensions>
  </wpt>

  <wpt lat="50.141256731003523" lon="5.77458780258894">
    <ele>0</ele>
    <time>2026-08-10T15:01:26Z</time>
    <name>KILO 75 - SG</name>
    <sym>Square, Red</sym>
    <type>user</type>
    <extensions>
      <gpxx:WaypointExtension>
        <gpxx:DisplayMode>SymbolAndName</gpxx:DisplayMode>
      </gpxx:WaypointExtension>
      <wptx1:WaypointExtension>
        <wptx1:DisplayMode>SymbolAndName</wptx1:DisplayMode>
      </wptx1:WaypointExtension>
      <ctx:CreationTimeExtension>
        <ctx:CreationTime>2026-08-10T15:01:26Z</ctx:CreationTime>
      </ctx:CreationTimeExtension>
    </extensions>
  </wpt>

  <wpt lat="50.138347959145904" lon="5.776283880695701">
    <ele>0</ele>
    <time>2026-08-10T15:01:26Z</time>
    <name>KILO 76 - SG</name>
    <sym>Square, Red</sym>
    <type>user</type>
    <extensions>
      <gpxx:WaypointExtension>
        <gpxx:DisplayMode>SymbolAndName</gpxx:DisplayMode>
      </gpxx:WaypointExtension>
      <wptx1:WaypointExtension>
        <wptx1:DisplayMode>SymbolAndName</wptx1:DisplayMode>
      </wptx1:WaypointExtension>
      <ctx:CreationTimeExtension>
        <ctx:CreationTime>2026-08-10T15:01:26Z</ctx:CreationTime>
      </ctx:CreationTimeExtension>
    </extensions>
  </wpt>

  <wpt lat="50.138581898063421" lon="5.778172239661217">
    <ele>0</ele>
    <time>2026-08-10T15:01:26Z</time>
    <name>KILO 77 - SG</name>
    <sym>Square, Red</sym>
    <type>user</type>
    <extensions>
      <gpxx:WaypointExtension>
        <gpxx:DisplayMode>SymbolAndName</gpxx:DisplayMode>
      </gpxx:WaypointExtension>
      <wptx1:WaypointExtension>
        <wptx1:DisplayMode>SymbolAndName</wptx1:DisplayMode>
      </wptx1:WaypointExtension>
      <ctx:CreationTimeExtension>
        <ctx:CreationTime>2026-08-10T15:01:26Z</ctx:CreationTime>
      </ctx:CreationTimeExtension>
    </extensions>
  </wpt>

  <wpt lat="50.137090086936951" lon="5.779956998303533">
    <ele>0</ele>
    <time>2026-08-10T15:01:26Z</time>
    <name>KILO 78 - SG</name>
    <sym>Square, Red</sym>
    <type>user</type>
    <extensions>
      <gpxx:WaypointExtension>
        <gpxx:DisplayMode>SymbolAndName</gpxx:DisplayMode>
      </gpxx:WaypointExtension>
      <wptx1:WaypointExtension>
        <wptx1:DisplayMode>SymbolAndName</wptx1:DisplayMode>
      </wptx1:WaypointExtension>
      <ctx:CreationTimeExtension>
        <ctx:CreationTime>2026-08-10T15:01:26Z</ctx:CreationTime>
      </ctx:CreationTimeExtension>
    </extensions>
  </wpt>

  <wpt lat="50.136263463646173" lon="5.7823780272156">
    <ele>0</ele>
    <time>2026-08-10T15:01:26Z</time>
    <name>KILO 79 - SG</name>
    <sym>Square, Red</sym>
    <type>user</type>
    <extensions>
      <gpxx:WaypointExtension>
        <gpxx:DisplayMode>SymbolAndName</gpxx:DisplayMode>
      </gpxx:WaypointExtension>
      <wptx1:WaypointExtension>
        <wptx1:DisplayMode>SymbolAndName</wptx1:DisplayMode>
      </wptx1:WaypointExtension>
      <ctx:CreationTimeExtension>
        <ctx:CreationTime>2026-08-10T15:01:26Z</ctx:CreationTime>
      </ctx:CreationTimeExtension>
    </extensions>
  </wpt>

  <wpt lat="50.118301464244723" lon="5.792306726798415">
    <ele>0</ele>
    <time>2026-08-10T15:01:26Z</time>
    <name>KILO 8 - 2x Police + 2x SG</name>
    <sym>Square, Red</sym>
    <type>user</type>
    <extensions>
      <gpxx:WaypointExtension>
        <gpxx:DisplayMode>SymbolAndName</gpxx:DisplayMode>
      </gpxx:WaypointExtension>
      <wptx1:WaypointExtension>
        <wptx1:DisplayMode>SymbolAndName</wptx1:DisplayMode>
      </wptx1:WaypointExtension>
      <ctx:CreationTimeExtension>
        <ctx:CreationTime>2026-08-10T15:01:26Z</ctx:CreationTime>
      </ctx:CreationTimeExtension>
    </extensions>
  </wpt>

  <wpt lat="50.136904092505574" lon="5.786159774288535">
    <ele>0</ele>
    <time>2026-08-10T15:01:26Z</time>
    <name>KILO 80 - SG</name>
    <sym>Square, Red</sym>
    <type>user</type>
    <extensions>
      <gpxx:WaypointExtension>
        <gpxx:DisplayMode>SymbolAndName</gpxx:DisplayMode>
      </gpxx:WaypointExtension>
      <wptx1:WaypointExtension>
        <wptx1:DisplayMode>SymbolAndName</wptx1:DisplayMode>
      </wptx1:WaypointExtension>
      <ctx:CreationTimeExtension>
        <ctx:CreationTime>2026-08-10T15:01:26Z</ctx:CreationTime>
      </ctx:CreationTimeExtension>
    </extensions>
  </wpt>

  <wpt lat="50.136286597698927" lon="5.786970807239413">
    <ele>0</ele>
    <time>2026-08-10T15:01:26Z</time>
    <name>KILO 81 - Police + SG</name>
    <sym>Square, Red</sym>
    <type>user</type>
    <extensions>
      <gpxx:WaypointExtension>
        <gpxx:DisplayMode>SymbolAndName</gpxx:DisplayMode>
      </gpxx:WaypointExtension>
      <wptx1:WaypointExtension>
        <wptx1:DisplayMode>SymbolAndName</wptx1:DisplayMode>
      </wptx1:WaypointExtension>
      <ctx:CreationTimeExtension>
        <ctx:CreationTime>2026-08-10T15:01:26Z</ctx:CreationTime>
      </ctx:CreationTimeExtension>
    </extensions>
  </wpt>

  <wpt lat="50.134142925962806" lon="5.784679111093283">
    <ele>0</ele>
    <time>2026-08-10T15:01:26Z</time>
    <name>KILO 82 - SG</name>
    <sym>Square, Red</sym>
    <type>user</type>
    <extensions>
      <gpxx:WaypointExtension>
        <gpxx:DisplayMode>SymbolAndName</gpxx:DisplayMode>
      </gpxx:WaypointExtension>
      <wptx1:WaypointExtension>
        <wptx1:DisplayMode>SymbolAndName</wptx1:DisplayMode>
      </wptx1:WaypointExtension>
      <ctx:CreationTimeExtension>
        <ctx:CreationTime>2026-08-10T15:01:26Z</ctx:CreationTime>
      </ctx:CreationTimeExtension>
    </extensions>
  </wpt>

  <wpt lat="50.134208304807544" lon="5.790263721719384">
    <ele>0</ele>
    <time>2026-08-10T15:01:26Z</time>
    <name>KILO 83 - SG</name>
    <sym>Square, Red</sym>
    <type>user</type>
    <extensions>
      <gpxx:WaypointExtension>
        <gpxx:DisplayMode>SymbolAndName</gpxx:DisplayMode>
      </gpxx:WaypointExtension>
      <wptx1:WaypointExtension>
        <wptx1:DisplayMode>SymbolAndName</wptx1:DisplayMode>
      </wptx1:WaypointExtension>
      <ctx:CreationTimeExtension>
        <ctx:CreationTime>2026-08-10T15:01:26Z</ctx:CreationTime>
      </ctx:CreationTimeExtension>
    </extensions>
  </wpt>

  <wpt lat="50.131930103525519" lon="5.789140714332461">
    <ele>0</ele>
    <time>2026-08-10T15:01:26Z</time>
    <name>KILO 84 - SG</name>
    <sym>Square, Red</sym>
    <type>user</type>
    <extensions>
      <gpxx:WaypointExtension>
        <gpxx:DisplayMode>SymbolAndName</gpxx:DisplayMode>
      </gpxx:WaypointExtension>
      <wptx1:WaypointExtension>
        <wptx1:DisplayMode>SymbolAndName</wptx1:DisplayMode>
      </wptx1:WaypointExtension>
      <ctx:CreationTimeExtension>
        <ctx:CreationTime>2026-08-10T15:01:26Z</ctx:CreationTime>
      </ctx:CreationTimeExtension>
    </extensions>
  </wpt>

  <wpt lat="50.132168987765908" lon="5.789777990430594">
    <ele>0</ele>
    <time>2026-08-10T15:01:26Z</time>
    <name>KILO 85 - SG</name>
    <sym>Square, Red</sym>
    <type>user</type>
    <extensions>
      <gpxx:WaypointExtension>
        <gpxx:DisplayMode>SymbolAndName</gpxx:DisplayMode>
      </gpxx:WaypointExtension>
      <wptx1:WaypointExtension>
        <wptx1:DisplayMode>SymbolAndName</wptx1:DisplayMode>
      </wptx1:WaypointExtension>
      <ctx:CreationTimeExtension>
        <ctx:CreationTime>2026-08-10T15:01:26Z</ctx:CreationTime>
      </ctx:CreationTimeExtension>
    </extensions>
  </wpt>

  <wpt lat="50.111610610038042" lon="5.807231208309531">
    <ele>0</ele>
    <time>2026-08-10T15:01:26Z</time>
    <name>KILO 9 - SG</name>
    <sym>Square, Red</sym>
    <type>user</type>
    <extensions>
      <gpxx:WaypointExtension>
        <gpxx:DisplayMode>SymbolAndName</gpxx:DisplayMode>
      </gpxx:WaypointExtension>
      <wptx1:WaypointExtension>
        <wptx1:DisplayMode>SymbolAndName</wptx1:DisplayMode>
      </wptx1:WaypointExtension>
      <ctx:CreationTimeExtension>
        <ctx:CreationTime>2026-08-10T15:01:26Z</ctx:CreationTime>
      </ctx:CreationTimeExtension>
    </extensions>
  </wpt>

  <wpt lat="50.12940002605319" lon="5.790708884596825">
    <ele>0</ele>
    <time>2026-08-09T09:15:06Z</time>
    <name>Startpunt van EK Gravel 2026</name>
    <cmt>woensdag 25 maart 2026, 10:32 CET&lt;br&gt;Hoogte: 362 m</cmt>
    <desc>woensdag 25 maart 2026, 10:32 CET&lt;br&gt;Hoogte: 362 m</desc>
    <sym>Flag, Red</sym>
    <type>user</type>
    <extensions>
      <gpxx:WaypointExtension>
        <gpxx:DisplayMode>SymbolAndName</gpxx:DisplayMode>
      </gpxx:WaypointExtension>
      <wptx1:WaypointExtension>
        <wptx1:DisplayMode>SymbolAndName</wptx1:DisplayMode>
      </wptx1:WaypointExtension>
      <ctx:CreationTimeExtension>
        <ctx:CreationTime>2026-08-09T09:15:06Z</ctx:CreationTime>
      </ctx:CreationTimeExtension>
    </extensions>
  </wpt>

  <trk>
    <name>EK Gravel 2026 001</name>
    <desc>Statistieken zijn berekend op basis van geïmporteerde gegevens&lt;br&gt;&lt;br&gt;woensdag 25 maart 2026, 10:32 CET&lt;br&gt;Afstand: 47,8 km&lt;br&gt;Duur: 3 uur, 49 minuten en 47 seconden&lt;br&gt;Gemiddelde snelheid: 12,5 km/u&lt;br&gt;Minimale hoogte: 326 m&lt;br&gt;Maximale hoogte: 604 m&lt;br&gt;Totale stijging: 717 m&lt;br&gt;Totale daling: 726 m</desc>
    <extensions>
      <gpxx:TrackExtension>
        <gpxx:DisplayColor>Magenta</gpxx:DisplayColor>
      </gpxx:TrackExtension>
    </extensions>
    <trkseg>
      <trkpt lat="50.129065504297614" lon="5.790939470753074">
        <ele>0</ele>
      </trkpt>
      <trkpt lat="50.129022505134344" lon="5.791008537635207">
        <ele>0</ele>
      </trkpt>
      <trkpt lat="50.128860482946038" lon="5.790902506560087">
        <ele>0</ele>
      </trkpt>
      <trkpt lat="50.128632495179772" lon="5.790618527680636">
        <ele>0</ele>
      </trkpt>
      <trkpt lat="50.128631489351392" lon="5.790616516023874">
        <ele>0</ele>
      </trkpt>
      <trkpt lat="50.128314485773444" lon="5.789960464462638">
        <ele>0</ele>
      </trkpt>
      <trkpt lat="50.128267463296652" lon="5.789903467521071">
        <ele>0</ele>
      </trkpt>
      <trkpt lat="50.128173502162099" lon="5.789839513599873">
        <ele>0</ele>
      </trkpt>
      <trkpt lat="50.128000834956765" lon="5.789707582443953">
        <ele>0</ele>
      </trkpt>
      <trkpt lat="50.127632534131408" lon="5.789472470059991">
        <ele>0</ele>
      </trkpt>
      <trkpt lat="50.127369510009885" lon="5.789244482293725">
        <ele>0</ele>
      </trkpt>
      <trkpt lat="50.127012524753809" lon="5.788817508146167">
        <ele>0</ele>
      </trkpt>
      <trkpt lat="50.126746483147144" lon="5.788613492622972">
        <ele>0</ele>
      </trkpt>
      <trkpt lat="50.125241512432694" lon="5.787999518215656">
        <ele>0</ele>
      </trkpt>
      <trkpt lat="50.124985529109836" lon="5.78792248852551">
        <ele>0</ele>
      </trkpt>
      <trkpt lat="50.124677494168282" lon="5.787905473262072">
        <ele>0</ele>
      </trkpt>
      <trkpt lat="50.124278515577316" lon="5.787950484082103">
        <ele>0</ele>
      </trkpt>
      <trkpt lat="50.123769482597709" lon="5.788077469915152">
        <ele>0</ele>
      </trkpt>
      <trkpt lat="50.12332146987319" lon="5.788271510973573">
        <ele>0</ele>
      </trkpt>
      <trkpt lat="50.121542494744062" lon="5.789033509790897">
        <ele>0</ele>
      </trkpt>
      <trkpt lat="50.119594540446997" lon="5.791260497644544">
        <ele>0</ele>
      </trkpt>
      <trkpt lat="50.119350459426641" lon="5.791496532037854">
        <ele>0</ele>
      </trkpt>
      <trkpt lat="50.118827512487769" lon="5.791924512013793">
        <ele>0</ele>
      </trkpt>
      <trkpt lat="50.118317473679781" lon="5.792297506704927">
        <ele>0</ele>
      </trkpt>
      <trkpt lat="50.117900473996997" lon="5.792625490576029">
        <ele>0</ele>
      </trkpt>
      <trkpt lat="50.117058511823416" lon="5.793066462501884">
        <ele>0</ele>
      </trkpt>
      <trkpt lat="50.116719463840127" lon="5.793285481631756">
        <ele>0</ele>
      </trkpt>
      <trkpt lat="50.116418469697237" lon="5.793575495481491">
        <ele>0</ele>
      </trkpt>
      <trkpt lat="50.116012534126639" lon="5.794071536511183">
        <ele>0</ele>
      </trkpt>
      <trkpt lat="50.115653537213802" lon="5.794363478198648">
        <ele>0</ele>
      </trkpt>
      <trkpt lat="50.115184485912323" lon="5.794600518420339">
        <ele>0</ele>
      </trkpt>
      <trkpt lat="50.114872511476278" lon="5.794814508408308">
        <ele>0</ele>
      </trkpt>
      <trkpt lat="50.114443525671959" lon="5.795288505032659">
        <ele>0</ele>
      </trkpt>
      <trkpt lat="50.1143395062536" lon="5.795452538877726">
        <ele>0</ele>
      </trkpt>
      <trkpt lat="50.114169521257281" lon="5.795938521623612">
        <ele>0</ele>
      </trkpt>
      <trkpt lat="50.114031471312046" lon="5.796417463570833">
        <ele>0</ele>
      </trkpt>
      <trkpt lat="50.113987466320395" lon="5.796782495453954">
        <ele>0</ele>
      </trkpt>
      <trkpt lat="50.114003475755453" lon="5.79715951345861">
        <ele>0</ele>
      </trkpt>
      <trkpt lat="50.114110512658954" lon="5.797947496175766">
        <ele>0</ele>
      </trkpt>
      <trkpt lat="50.114157535135746" lon="5.798501539975405">
        <ele>0</ele>
      </trkpt>
      <trkpt lat="50.11416750960052" lon="5.798956509679556">
        <ele>0</ele>
      </trkpt>
      <trkpt lat="50.114137502387166" lon="5.799320535734296">
        <ele>0</ele>
      </trkpt>
      <trkpt lat="50.114029459655285" lon="5.799709539860487">
        <ele>0</ele>
      </trkpt>
      <trkpt lat="50.113876489922404" lon="5.800082534551621">
        <ele>0</ele>
      </trkpt>
      <trkpt lat="50.113641461357474" lon="5.80046852119267">
        <ele>0</ele>
      </trkpt>
      <trkpt lat="50.113315489143133" lon="5.800929525867105">
        <ele>0</ele>
      </trkpt>
      <trkpt lat="50.112945511937141" lon="5.801423471421003">
        <ele>0</ele>
      </trkpt>
      <trkpt lat="50.112733533605933" lon="5.801797471940517">
        <ele>0</ele>
      </trkpt>
      <trkpt lat="50.112560531124473" lon="5.802485458552837">
        <ele>0</ele>
      </trkpt>
      <trkpt lat="50.11244653724134" lon="5.803023492917419">
        <ele>0</ele>
      </trkpt>
      <trkpt lat="50.112399514764547" lon="5.803405540063977">
        <ele>0</ele>
      </trkpt>
      <trkpt lat="50.112405465915799" lon="5.803846511989832">
        <ele>0</ele>
      </trkpt>
      <trkpt lat="50.112490458413959" lon="5.804611528292298">
        <ele>0</ele>
      </trkpt>
      <trkpt lat="50.112503534182906" lon="5.804993491619825">
        <ele>0</ele>
      </trkpt>
      <trkpt lat="50.112486518919468" lon="5.805329522117972">
        <ele>0</ele>
      </trkpt>
      <trkpt lat="50.112429521977901" lon="5.805550469085574">
        <ele>0</ele>
      </trkpt>
      <trkpt lat="50.11232047341764" lon="5.805835537612438">
        <ele>0</ele>
      </trkpt>
      <trkpt lat="50.112137496471405" lon="5.806254465132952">
        <ele>0</ele>
      </trkpt>
      <trkpt lat="50.11184748262167" lon="5.806928537786007">
        <ele>0</ele>
      </trkpt>
      <trkpt lat="50.111674480140209" lon="5.807256521657109">
        <ele>0</ele>
      </trkpt>
      <trkpt lat="50.111511535942554" lon="5.807622475549579">
        <ele>0</ele>
      </trkpt>
      <trkpt lat="50.111457472667098" lon="5.807977532967925">
        <ele>0</ele>
      </trkpt>
      <trkpt lat="50.111450515687466" lon="5.808163527399302">
        <ele>0</ele>
      </trkpt>
      <trkpt lat="50.111498460173607" lon="5.808510538190603">
        <ele>0</ele>
      </trkpt>
      <trkpt lat="50.111636510118842" lon="5.809681490063667">
        <ele>0</ele>
      </trkpt>
      <trkpt lat="50.111657464876771" lon="5.809848541393876">
        <ele>0</ele>
      </trkpt>
      <trkpt lat="50.111717479303479" lon="5.810242490842938">
        <ele>0</ele>
      </trkpt>
      <trkpt lat="50.111946472898126" lon="5.811441522091627">
        <ele>0</ele>
      </trkpt>
      <trkpt lat="50.111383460462093" lon="5.811796495690942">
        <ele>0</ele>
      </trkpt>
      <trkpt lat="50.11135253123939" lon="5.811812505126">
        <ele>0</ele>
      </trkpt>
      <trkpt lat="50.111168464645743" lon="5.811863467097282">
        <ele>0</ele>
      </trkpt>
      <trkpt lat="50.110771497711539" lon="5.811810493469238">
        <ele>0</ele>
      </trkpt>
      <trkpt lat="50.110826482996345" lon="5.812261523678899">
        <ele>0</ele>
      </trkpt>
      <trkpt lat="50.11081650853157" lon="5.81273652613163">
        <ele>0</ele>
      </trkpt>
      <trkpt lat="50.110712489113212" lon="5.813215468078852">
        <ele>0</ele>
      </trkpt>
      <trkpt lat="50.110549461096525" lon="5.813684519380331">
        <ele>0</ele>
      </trkpt>
      <trkpt lat="50.109941521659493" lon="5.81503551453352">
        <ele>0</ele>
      </trkpt>
      <trkpt lat="50.109454533085227" lon="5.815864484757185">
        <ele>0</ele>
      </trkpt>
      <trkpt lat="50.109022529795766" lon="5.816443506628275">
        <ele>0</ele>
      </trkpt>
      <trkpt lat="50.108755482360721" lon="5.81671248190105">
        <ele>0</ele>
      </trkpt>
      <trkpt lat="50.108428504317999" lon="5.816986486315727">
        <ele>0</ele>
      </trkpt>
      <trkpt lat="50.107472464442253" lon="5.817575482651591">
        <ele>0</ele>
      </trkpt>
      <trkpt lat="50.106298495084047" lon="5.81836648285389">
        <ele>0</ele>
      </trkpt>
      <trkpt lat="50.106318527832627" lon="5.818616515025497">
        <ele>0</ele>
      </trkpt>
      <trkpt lat="50.106298495084047" lon="5.818869480863214">
        <ele>0</ele>
      </trkpt>
      <trkpt lat="50.106065478175879" lon="5.820292476564646">
        <ele>0</ele>
      </trkpt>
      <trkpt lat="50.105800526216626" lon="5.821599466726184">
        <ele>0</ele>
      </trkpt>
      <trkpt lat="50.105682509019971" lon="5.822559529915452">
        <ele>0</ele>
      </trkpt>
      <trkpt lat="50.105707487091422" lon="5.822938475757837">
        <ele>0</ele>
      </trkpt>
      <trkpt lat="50.105760460719466" lon="5.823312476277351">
        <ele>0</ele>
      </trkpt>
      <trkpt lat="50.105880489572883" lon="5.823981519788504">
        <ele>0</ele>
      </trkpt>
      <trkpt lat="50.106010492891073" lon="5.824273461475968">
        <ele>0</ele>
      </trkpt>
      <trkpt lat="50.106743490323424" lon="5.825554467737675">
        <ele>0</ele>
      </trkpt>
      <trkpt lat="50.107359476387501" lon="5.826753498986363">
        <ele>0</ele>
      </trkpt>
      <trkpt lat="50.107546476647258" lon="5.827147532254458">
        <ele>0</ele>
      </trkpt>
      <trkpt lat="50.10763549245894" lon="5.827462524175644">
        <ele>0</ele>
      </trkpt>
      <trkpt lat="50.107694501057267" lon="5.827806517481804">
        <ele>0</ele>
      </trkpt>
      <trkpt lat="50.107759460806847" lon="5.827998463064432">
        <ele>0</ele>
      </trkpt>
      <trkpt lat="50.107862474396825" lon="5.828040540218353">
        <ele>0</ele>
      </trkpt>
      <trkpt lat="50.108218537643552" lon="5.827798470854759">
        <ele>0</ele>
      </trkpt>
      <trkpt lat="50.108960503712296" lon="5.827168487012386">
        <ele>0</ele>
      </trkpt>
      <trkpt lat="50.108963521197438" lon="5.827166475355625">
        <ele>0</ele>
      </trkpt>
      <trkpt lat="50.109256468713284" lon="5.82698349840939">
        <ele>0</ele>
      </trkpt>
      <trkpt lat="50.109398458153009" lon="5.826923483982682">
        <ele>0</ele>
      </trkpt>
      <trkpt lat="50.11113946326077" lon="5.826586531475186">
        <ele>0</ele>
      </trkpt>
      <trkpt lat="50.111775482073426" lon="5.826416462659836">
        <ele>0</ele>
      </trkpt>
      <trkpt lat="50.112588526681066" lon="5.826216470450163">
        <ele>0</ele>
      </trkpt>
      <trkpt lat="50.112638482823968" lon="5.826441524550319">
        <ele>0</ele>
      </trkpt>
      <trkpt lat="50.11264150030911" lon="5.827768463641405">
        <ele>0</ele>
      </trkpt>
      <trkpt lat="50.112716518342495" lon="5.828909492120147">
        <ele>0</ele>
      </trkpt>
      <trkpt lat="50.11283646337688" lon="5.82962648011744">
        <ele>0</ele>
      </trkpt>
      <trkpt lat="50.113077526912093" lon="5.830267528072">
        <ele>0</ele>
      </trkpt>
      <trkpt lat="50.11324348859489" lon="5.830920478329063">
        <ele>0</ele>
      </trkpt>
      <trkpt lat="50.113376509398222" lon="5.831610476598144">
        <ele>0</ele>
      </trkpt>
      <trkpt lat="50.113496538251638" lon="5.832469537854195">
        <ele>0</ele>
      </trkpt>
      <trkpt lat="50.113503495231271" lon="5.832700459286571">
        <ele>0</ele>
      </trkpt>
      <trkpt lat="50.113658476620913" lon="5.833047470077872">
        <ele>0</ele>
      </trkpt>
      <trkpt lat="50.113719496876001" lon="5.833171522244811">
        <ele>0</ele>
      </trkpt>
      <trkpt lat="50.113757466897368" lon="5.833357516676188">
        <ele>0</ele>
      </trkpt>
      <trkpt lat="50.113844471052289" lon="5.83396746776998">
        <ele>0</ele>
      </trkpt>
      <trkpt lat="50.113835502415895" lon="5.834922501817346">
        <ele>0</ele>
      </trkpt>
      <trkpt lat="50.113808512687683" lon="5.83529750816524">
        <ele>0</ele>
      </trkpt>
      <trkpt lat="50.113769536837935" lon="5.835830513387919">
        <ele>0</ele>
      </trkpt>
      <trkpt lat="50.113782528787851" lon="5.836148522794247">
        <ele>0</ele>
      </trkpt>
      <trkpt lat="50.11382351629436" lon="5.837210509926081">
        <ele>0</ele>
      </trkpt>
      <trkpt lat="50.113812536001205" lon="5.838205525651574">
        <ele>0</ele>
      </trkpt>
      <trkpt lat="50.113833490759134" lon="5.838940534740686">
        <ele>0</ele>
      </trkpt>
      <trkpt lat="50.113897528499365" lon="5.840909527614713">
        <ele>0</ele>
      </trkpt>
      <trkpt lat="50.113957459107041" lon="5.841659540310502">
        <ele>0</ele>
      </trkpt>
      <trkpt lat="50.1139285415411" lon="5.841830531135202">
        <ele>0</ele>
      </trkpt>
      <trkpt lat="50.113848494365811" lon="5.84198048338294">
        <ele>0</ele>
      </trkpt>
      <trkpt lat="50.113765513524413" lon="5.842027505859733">
        <ele>0</ele>
      </trkpt>
      <trkpt lat="50.113513469696045" lon="5.842071510851383">
        <ele>0</ele>
      </trkpt>
      <trkpt lat="50.113809518516064" lon="5.842612478882074">
        <ele>0</ele>
      </trkpt>
      <trkpt lat="50.113900462165475" lon="5.84492152556777">
        <ele>0</ele>
      </trkpt>
      <trkpt lat="50.113881519064307" lon="5.845236517488957">
        <ele>0</ele>
      </trkpt>
      <trkpt lat="50.113796526566148" lon="5.845484538003802">
        <ele>0</ele>
      </trkpt>
      <trkpt lat="50.113682532683015" lon="5.847202492877841">
        <ele>0</ele>
      </trkpt>
      <trkpt lat="50.113735506311059" lon="5.847470462322235">
        <ele>0</ele>
      </trkpt>
      <trkpt lat="50.113862492144108" lon="5.847682524472475">
        <ele>0</ele>
      </trkpt>
      <trkpt lat="50.114016467705369" lon="5.847818478941917">
        <ele>0</ele>
      </trkpt>
      <trkpt lat="50.114388540387154" lon="5.848004473373294">
        <ele>0</ele>
      </trkpt>
      <trkpt lat="50.11474653147161" lon="5.848629511892796">
        <ele>0</ele>
      </trkpt>
      <trkpt lat="50.115248523652554" lon="5.850200532004237">
        <ele>0</ele>
      </trkpt>
      <trkpt lat="50.115991495549679" lon="5.851986464112997">
        <ele>0</ele>
      </trkpt>
      <trkpt lat="50.116643523797393" lon="5.853222459554672">
        <ele>0</ele>
      </trkpt>
      <trkpt lat="50.116774532943964" lon="5.853700479492545">
        <ele>0</ele>
      </trkpt>
      <trkpt lat="50.116805462166667" lon="5.853902483358979">
        <ele>0</ele>
      </trkpt>
      <trkpt lat="50.117118526250124" lon="5.854971511289477">
        <ele>0</ele>
      </trkpt>
      <trkpt lat="50.117405522614717" lon="5.856134500354528">
        <ele>0</ele>
      </trkpt>
      <trkpt lat="50.118023520335555" lon="5.858267527073622">
        <ele>0</ele>
      </trkpt>
      <trkpt lat="50.118251508101821" lon="5.858898516744375">
        <ele>0</ele>
      </trkpt>
      <trkpt lat="50.118777472525835" lon="5.860616471618414">
        <ele>0</ele>
      </trkpt>
      <trkpt lat="50.118788536638021" lon="5.860859462991357">
        <ele>0</ele>
      </trkpt>
      <trkpt lat="50.117864515632391" lon="5.861128522083163">
        <ele>0</ele>
      </trkpt>
      <trkpt lat="50.117610460147262" lon="5.861148471012712">
        <ele>0</ele>
      </trkpt>
      <trkpt lat="50.117008471861482" lon="5.861071525141597">
        <ele>0</ele>
      </trkpt>
      <trkpt lat="50.116479489952326" lon="5.861084517091513">
        <ele>0</ele>
      </trkpt>
      <trkpt lat="50.116043463349342" lon="5.861234469339252">
        <ele>0</ele>
      </trkpt>
      <trkpt lat="50.115920500829816" lon="5.861220471560955">
        <ele>0</ele>
      </trkpt>
      <trkpt lat="50.113992495462298" lon="5.860499460250139">
        <ele>0</ele>
      </trkpt>
      <trkpt lat="50.113767525181174" lon="5.860426537692547">
        <ele>0</ele>
      </trkpt>
      <trkpt lat="50.1136314868927" lon="5.860421508550644">
        <ele>0</ele>
      </trkpt>
      <trkpt lat="50.112503534182906" lon="5.860701464116573">
        <ele>0</ele>
      </trkpt>
      <trkpt lat="50.11242751032114" lon="5.860757539048791">
        <ele>0</ele>
      </trkpt>
      <trkpt lat="50.111823510378599" lon="5.861480478197336">
        <ele>0</ele>
      </trkpt>
      <trkpt lat="50.111821498721838" lon="5.861481484025717">
        <ele>0</ele>
      </trkpt>
      <trkpt lat="50.111687472090125" lon="5.861580474302173">
        <ele>0</ele>
      </trkpt>
      <trkpt lat="50.111358482390642" lon="5.861708465963602">
        <ele>0</ele>
      </trkpt>
      <trkpt lat="50.110996467992663" lon="5.861951541155577">
        <ele>0</ele>
      </trkpt>
      <trkpt lat="50.110803516581655" lon="5.86202354170382">
        <ele>0</ele>
      </trkpt>
      <trkpt lat="50.110436473041773" lon="5.862083472311497">
        <ele>0</ele>
      </trkpt>
      <trkpt lat="50.110251484438777" lon="5.862161507830024">
        <ele>0</ele>
      </trkpt>
      <trkpt lat="50.110153499990702" lon="5.862212469801307">
        <ele>0</ele>
      </trkpt>
      <trkpt lat="50.110031459480524" lon="5.862233508378267">
        <ele>0</ele>
      </trkpt>
      <trkpt lat="50.109918471425772" lon="5.862337527796626">
        <ele>0</ele>
      </trkpt>
      <trkpt lat="50.109852505847812" lon="5.862485468387604">
        <ele>0</ele>
      </trkpt>
      <trkpt lat="50.109792491421103" lon="5.863003470003605">
        <ele>0</ele>
      </trkpt>
      <trkpt lat="50.109745468944311" lon="5.863210503011942">
        <ele>0</ele>
      </trkpt>
      <trkpt lat="50.109691489487886" lon="5.863380488008261">
        <ele>0</ele>
      </trkpt>
      <trkpt lat="50.109616471454501" lon="5.863440502434969">
        <ele>0</ele>
      </trkpt>
      <trkpt lat="50.109537513926625" lon="5.863417536020279">
        <ele>0</ele>
      </trkpt>
      <trkpt lat="50.10939653031528" lon="5.863263476639986">
        <ele>0</ele>
      </trkpt>
      <trkpt lat="50.109265521168709" lon="5.863085528835654">
        <ele>0</ele>
      </trkpt>
      <trkpt lat="50.108451470732689" lon="5.861739479005337">
        <ele>0</ele>
      </trkpt>
      <trkpt lat="50.108284503221512" lon="5.861608469858766">
        <ele>0</ele>
      </trkpt>
      <trkpt lat="50.108081493526697" lon="5.861547533422709">
        <ele>0</ele>
      </trkpt>
      <trkpt lat="50.108074536547065" lon="5.866806507110596">
        <ele>0</ele>
      </trkpt>
      <trkpt lat="50.107841519638896" lon="5.868667541071773">
        <ele>0</ele>
      </trkpt>
      <trkpt lat="50.107489479705691" lon="5.870035467669368">
        <ele>0</ele>
      </trkpt>
      <trkpt lat="50.107189491391182" lon="5.871622497215867">
        <ele>0</ele>
      </trkpt>
      <trkpt lat="50.106994528323412" lon="5.873320503160358">
        <ele>0</ele>
      </trkpt>
      <trkpt lat="50.106929484754801" lon="5.873887538909912">
        <ele>0</ele>
      </trkpt>
      <trkpt lat="50.106784477829933" lon="5.874284505844116">
        <ele>0</ele>
      </trkpt>
      <trkpt lat="50.106688505038619" lon="5.875014485791326">
        <ele>0</ele>
      </trkpt>
      <trkpt lat="50.106674507260323" lon="5.875658467411995">
        <ele>0</ele>
      </trkpt>
      <trkpt lat="50.106825465336442" lon="5.87691348977387">
        <ele>0</ele>
      </trkpt>
      <trkpt lat="50.106886485591531" lon="5.877205515280366">
        <ele>0</ele>
      </trkpt>
      <trkpt lat="50.107108522206545" lon="5.878276471048594">
        <ele>0</ele>
      </trkpt>
      <trkpt lat="50.107247494161129" lon="5.879550520330668">
        <ele>0</ele>
      </trkpt>
      <trkpt lat="50.107207512483001" lon="5.880857510492206">
        <ele>0</ele>
      </trkpt>
      <trkpt lat="50.107216481119394" lon="5.882061487063766">
        <ele>0</ele>
      </trkpt>
      <trkpt lat="50.10705747641623" lon="5.884019499644637">
        <ele>0</ele>
      </trkpt>
      <trkpt lat="50.106963515281677" lon="5.885539473965764">
        <ele>0</ele>
      </trkpt>
      <trkpt lat="50.107173481956124" lon="5.886826515197754">
        <ele>0</ele>
      </trkpt>
      <trkpt lat="50.107513535767794" lon="5.887824464589357">
        <ele>0</ele>
      </trkpt>
      <trkpt lat="50.107489479705691" lon="5.888028480112553">
        <ele>0</ele>
      </trkpt>
      <trkpt lat="50.107703469693661" lon="5.888854516670108">
        <ele>0</ele>
      </trkpt>
      <trkpt lat="50.107761472463608" lon="5.888960463926196">
        <ele>0</ele>
      </trkpt>
      <trkpt lat="50.108470497652888" lon="5.890260497108102">
        <ele>0</ele>
      </trkpt>
      <trkpt lat="50.110218459740281" lon="5.891129532828927">
        <ele>0</ele>
      </trkpt>
      <trkpt lat="50.112172532826662" lon="5.892008459195495">
        <ele>0</ele>
      </trkpt>
      <trkpt lat="50.112752476707101" lon="5.892337532714009">
        <ele>0</ele>
      </trkpt>
      <trkpt lat="50.112807461991906" lon="5.892323534935713">
        <ele>0</ele>
      </trkpt>
      <trkpt lat="50.11317752301693" lon="5.892575494945049">
        <ele>0</ele>
      </trkpt>
      <trkpt lat="50.114369513466954" lon="5.893656508997083">
        <ele>0</ele>
      </trkpt>
      <trkpt lat="50.115880519151688" lon="5.895474459975958">
        <ele>0</ele>
      </trkpt>
      <trkpt lat="50.117077538743615" lon="5.896761501207948">
        <ele>0</ele>
      </trkpt>
      <trkpt lat="50.1198844704777" lon="5.897233486175537">
        <ele>0</ele>
      </trkpt>
      <trkpt lat="50.120256459340453" lon="5.89717447757721">
        <ele>0</ele>
      </trkpt>
      <trkpt lat="50.120348492637277" lon="5.89700348675251">
        <ele>0</ele>
      </trkpt>
      <trkpt lat="50.12050548568368" lon="5.896892510354519">
        <ele>0</ele>
      </trkpt>
      <trkpt lat="50.122252525761724" lon="5.89502552524209">
        <ele>0</ele>
      </trkpt>
      <trkpt lat="50.123254498466849" lon="5.893993461504579">
        <ele>0</ele>
      </trkpt>
      <trkpt lat="50.124290501698852" lon="5.893048485741019">
        <ele>0</ele>
      </trkpt>
      <trkpt lat="50.124294525012374" lon="5.893044462427497">
        <ele>0</ele>
      </trkpt>
      <trkpt lat="50.124520501121879" lon="5.8930494915694">
        <ele>0</ele>
      </trkpt>
      <trkpt lat="50.125031461939216" lon="5.891896476969123">
        <ele>0</ele>
      </trkpt>
      <trkpt lat="50.126401484012604" lon="5.888821491971612">
        <ele>0</ele>
      </trkpt>
      <trkpt lat="50.12695150449872" lon="5.888291504234076">
        <ele>0</ele>
      </trkpt>
      <trkpt lat="50.127157531678677" lon="5.888091512024403">
        <ele>0</ele>
      </trkpt>
      <trkpt lat="50.128166461363435" lon="5.886826515197754">
        <ele>0</ele>
      </trkpt>
      <trkpt lat="50.128963496536016" lon="5.885432520881295">
        <ele>0</ele>
      </trkpt>
      <trkpt lat="50.129887517541647" lon="5.884045483544469">
        <ele>0</ele>
      </trkpt>
      <trkpt lat="50.130327483639121" lon="5.883223470300436">
        <ele>0</ele>
      </trkpt>
      <trkpt lat="50.13056150637567" lon="5.882837483659387">
        <ele>0</ele>
      </trkpt>
      <trkpt lat="50.131944520398974" lon="5.87872046045959">
        <ele>0</ele>
      </trkpt>
      <trkpt lat="50.132569475099444" lon="5.876829503104091">
        <ele>0</ele>
      </trkpt>
      <trkpt lat="50.132749518379569" lon="5.876363469287753">
        <ele>0</ele>
      </trkpt>
      <trkpt lat="50.134206460788846" lon="5.872709462419152">
        <ele>0</ele>
      </trkpt>
      <trkpt lat="50.134564535692334" lon="5.871872529387474">
        <ele>0</ele>
      </trkpt>
      <trkpt lat="50.13474952429533" lon="5.871625514701009">
        <ele>0</ele>
      </trkpt>
      <trkpt lat="50.136015526950359" lon="5.870477529242635">
        <ele>0</ele>
      </trkpt>
      <trkpt lat="50.136305540800095" lon="5.870325481519103">
        <ele>0</ele>
      </trkpt>
      <trkpt lat="50.136239491403103" lon="5.869817538186908">
        <ele>0</ele>
      </trkpt>
      <trkpt lat="50.137250516563654" lon="5.869326526299119">
        <ele>0</ele>
      </trkpt>
      <trkpt lat="50.137669527903199" lon="5.869166515767574">
        <ele>0</ele>
      </trkpt>
      <trkpt lat="50.138318538665771" lon="5.868840459734201">
        <ele>0</ele>
      </trkpt>
      <trkpt lat="50.138507466763258" lon="5.868710540235043">
        <ele>0</ele>
      </trkpt>
      <trkpt lat="50.138661526143551" lon="5.868584476411343">
        <ele>0</ele>
      </trkpt>
      <trkpt lat="50.138848526403308" lon="5.868363529443741">
        <ele>0</ele>
      </trkpt>
      <trkpt lat="50.13902748003602" lon="5.868087513372302">
        <ele>0</ele>
      </trkpt>
      <trkpt lat="50.139180533587933" lon="5.86776053532958">
        <ele>0</ele>
      </trkpt>
      <trkpt lat="50.139356469735503" lon="5.86741947568953">
        <ele>0</ele>
      </trkpt>
      <trkpt lat="50.139610525220633" lon="5.866741463541985">
        <ele>0</ele>
      </trkpt>
      <trkpt lat="50.140684498474002" lon="5.864270478487015">
        <ele>0</ele>
      </trkpt>
      <trkpt lat="50.141184478998184" lon="5.863274540752173">
        <ele>0</ele>
      </trkpt>
      <trkpt lat="50.141585469245911" lon="5.862791491672397">
        <ele>0</ele>
      </trkpt>
      <trkpt lat="50.141821503639221" lon="5.862551517784596">
        <ele>0</ele>
      </trkpt>
      <trkpt lat="50.142229534685612" lon="5.862388489767909">
        <ele>0</ele>
      </trkpt>
      <trkpt lat="50.142708476632833" lon="5.862017506733537">
        <ele>0</ele>
      </trkpt>
      <trkpt lat="50.143200494349003" lon="5.861774515360594">
        <ele>0</ele>
      </trkpt>
      <trkpt lat="50.14328246936202" lon="5.861761523410678">
        <ele>0</ele>
      </trkpt>
      <trkpt lat="50.143882529810071" lon="5.861927485093474">
        <ele>0</ele>
      </trkpt>
      <trkpt lat="50.144868493080139" lon="5.86189647205174">
        <ele>0</ele>
      </trkpt>
      <trkpt lat="50.145186502486467" lon="5.86198247037828">
        <ele>0</ele>
      </trkpt>
      <trkpt lat="50.146361477673054" lon="5.862493515014648">
        <ele>0</ele>
      </trkpt>
      <trkpt lat="50.14772747643292" lon="5.863315528258681">
        <ele>0</ele>
      </trkpt>
      <trkpt lat="50.14893245883286" lon="5.864568538963795">
        <ele>0</ele>
      </trkpt>
      <trkpt lat="50.149143515154719" lon="5.864922506734729">
        <ele>0</ele>
      </trkpt>
      <trkpt lat="50.149169499054551" lon="5.865028537809849">
        <ele>0</ele>
      </trkpt>
      <trkpt lat="50.149185508489609" lon="5.865094503387809">
        <ele>0</ele>
      </trkpt>
      <trkpt lat="50.149178467690945" lon="5.865609487518668">
        <ele>0</ele>
      </trkpt>
      <trkpt lat="50.149142509326339" lon="5.866143498569727">
        <ele>0</ele>
      </trkpt>
      <trkpt lat="50.149136474356055" lon="5.866612466052175">
        <ele>0</ele>
      </trkpt>
      <trkpt lat="50.149269495159388" lon="5.867210514843464">
        <ele>0</ele>
      </trkpt>
      <trkpt lat="50.149360522627831" lon="5.867400532588363">
        <ele>0</ele>
      </trkpt>
      <trkpt lat="50.149702504277229" lon="5.868308460339904">
        <ele>0</ele>
      </trkpt>
      <trkpt lat="50.14974751509726" lon="5.868377527222037">
        <ele>0</ele>
      </trkpt>
      <trkpt lat="50.149930492043495" lon="5.868352465331554">
        <ele>0</ele>
      </trkpt>
      <trkpt lat="50.150009533390403" lon="5.868175523355603">
        <ele>0</ele>
      </trkpt>
      <trkpt lat="50.150183541700244" lon="5.868297480046749">
        <ele>0</ele>
      </trkpt>
      <trkpt lat="50.150366518646479" lon="5.868311477825046">
        <ele>0</ele>
      </trkpt>
      <trkpt lat="50.150530468672514" lon="5.868310471996665">
        <ele>0</ele>
      </trkpt>
      <trkpt lat="50.150514459237456" lon="5.868217516690493">
        <ele>0</ele>
      </trkpt>
      <trkpt lat="50.150490486994386" lon="5.86806152947247">
        <ele>0</ele>
      </trkpt>
      <trkpt lat="50.15045553445816" lon="5.867827506735921">
        <ele>0</ele>
      </trkpt>
      <trkpt lat="50.150428460910916" lon="5.867576468735933">
        <ele>0</ele>
      </trkpt>
      <trkpt lat="50.150308515876532" lon="5.866971462965012">
        <ele>0</ele>
      </trkpt>
      <trkpt lat="50.150295523926616" lon="5.866672480478883">
        <ele>0</ele>
      </trkpt>
      <trkpt lat="50.150314467027783" lon="5.866377521306276">
        <ele>0</ele>
      </trkpt>
      <trkpt lat="50.150341540575027" lon="5.866241483017802">
        <ele>0</ele>
      </trkpt>
      <trkpt lat="50.150432484224439" lon="5.865977536886931">
        <ele>0</ele>
      </trkpt>
      <trkpt lat="50.150545472279191" lon="5.865971501916647">
        <ele>0</ele>
      </trkpt>
      <trkpt lat="50.150580508634448" lon="5.866020536050201">
        <ele>0</ele>
      </trkpt>
      <trkpt lat="50.150620490312576" lon="5.866218516603112">
        <ele>0</ele>
      </trkpt>
      <trkpt lat="50.150601463392377" lon="5.866452539339662">
        <ele>0</ele>
      </trkpt>
      <trkpt lat="50.150615461170673" lon="5.866610538214445">
        <ele>0</ele>
      </trkpt>
      <trkpt lat="50.150676481425762" lon="5.866846488788724">
        <ele>0</ele>
      </trkpt>
      <trkpt lat="50.150843532755971" lon="5.867141531780362">
        <ele>0</ele>
      </trkpt>
      <trkpt lat="50.150981498882174" lon="5.867259465157986">
        <ele>0</ele>
      </trkpt>
      <trkpt lat="50.15105651691556" lon="5.867235492914915">
        <ele>0</ele>
      </trkpt>
      <trkpt lat="50.151101527735591" lon="5.867164498195052">
        <ele>0</ele>
      </trkpt>
      <trkpt lat="50.15116648748517" lon="5.866719502955675">
        <ele>0</ele>
      </trkpt>
      <trkpt lat="50.151247540488839" lon="5.866474499925971">
        <ele>0</ele>
      </trkpt>
      <trkpt lat="50.151331527158618" lon="5.866445498540998">
        <ele>0</ele>
      </trkpt>
      <trkpt lat="50.151469493284822" lon="5.866593522951007">
        <ele>0</ele>
      </trkpt>
      <trkpt lat="50.151546522974968" lon="5.866634510457516">
        <ele>0</ele>
      </trkpt>
      <trkpt lat="50.151720531284809" lon="5.866630487143993">
        <ele>0</ele>
      </trkpt>
      <trkpt lat="50.151821533218026" lon="5.866548512130976">
        <ele>0</ele>
      </trkpt>
      <trkpt lat="50.152050526812673" lon="5.866261515766382">
        <ele>0</ele>
      </trkpt>
      <trkpt lat="50.152268540114164" lon="5.866103516891599">
        <ele>0</ele>
      </trkpt>
      <trkpt lat="50.152872540056705" lon="5.865875529125333">
        <ele>0</ele>
      </trkpt>
      <trkpt lat="50.152993490919471" lon="5.865795481950045">
        <ele>0</ele>
      </trkpt>
      <trkpt lat="50.153678460046649" lon="5.864765513688326">
        <ele>0</ele>
      </trkpt>
      <trkpt lat="50.153959505259991" lon="5.86445446126163">
        <ele>0</ele>
      </trkpt>
      <trkpt lat="50.154762491583824" lon="5.863947523757815">
        <ele>0</ele>
      </trkpt>
      <trkpt lat="50.155391469597816" lon="5.863506468012929">
        <ele>0</ele>
      </trkpt>
      <trkpt lat="50.156216500326991" lon="5.863167503848672">
        <ele>0</ele>
      </trkpt>
      <trkpt lat="50.156921502202749" lon="5.862950496375561">
        <ele>0</ele>
      </trkpt>
      <trkpt lat="50.157256526872516" lon="5.862759472802281">
        <ele>0</ele>
      </trkpt>
      <trkpt lat="50.15733246691525" lon="5.862653525546193">
        <ele>0</ele>
      </trkpt>
      <trkpt lat="50.157543523237109" lon="5.862588481977582">
        <ele>0</ele>
      </trkpt>
      <trkpt lat="50.158219523727894" lon="5.862554535269737">
        <ele>0</ele>
      </trkpt>
      <trkpt lat="50.158733502030373" lon="5.862489491701126">
        <ele>0</ele>
      </trkpt>
      <trkpt lat="50.158776501193643" lon="5.862427465617657">
        <ele>0</ele>
      </trkpt>
      <trkpt lat="50.158924525603652" lon="5.862377509474754">
        <ele>0</ele>
      </trkpt>
      <trkpt lat="50.159226525574923" lon="5.86236946284771">
        <ele>0</ele>
      </trkpt>
      <trkpt lat="50.160079468041658" lon="5.862483540549874">
        <ele>0</ele>
      </trkpt>
      <trkpt lat="50.160416504368186" lon="5.862471470609307">
        <ele>0</ele>
      </trkpt>
      <trkpt lat="50.160464532673359" lon="5.862388489767909">
        <ele>0</ele>
      </trkpt>
      <trkpt lat="50.160515494644642" lon="5.862480523064733">
        <ele>0</ele>
      </trkpt>
      <trkpt lat="50.160654466599226" lon="5.863048480823636">
        <ele>0</ele>
      </trkpt>
      <trkpt lat="50.16145552508533" lon="5.863172532990575">
        <ele>0</ele>
      </trkpt>
      <trkpt lat="50.161443538963795" lon="5.862675486132503">
        <ele>0</ele>
      </trkpt>
      <trkpt lat="50.162244513630867" lon="5.862659476697445">
        <ele>0</ele>
      </trkpt>
      <trkpt lat="50.162585489451885" lon="5.862622512504458">
        <ele>0</ele>
      </trkpt>
      <trkpt lat="50.163275487720966" lon="5.862632486969233">
        <ele>0</ele>
      </trkpt>
      <trkpt lat="50.163729535415769" lon="5.862815463915467">
        <ele>0</ele>
      </trkpt>
      <trkpt lat="50.163355534896255" lon="5.861350474879146">
        <ele>0</ele>
      </trkpt>
      <trkpt lat="50.163509510457516" lon="5.861221477389336">
        <ele>0</ele>
      </trkpt>
      <trkpt lat="50.164378462359309" lon="5.859995540231466">
        <ele>0</ele>
      </trkpt>
      <trkpt lat="50.164692532271147" lon="5.859504528343678">
        <ele>0</ele>
      </trkpt>
      <trkpt lat="50.16504448838532" lon="5.8591044601053">
        <ele>0</ele>
      </trkpt>
      <trkpt lat="50.165206510573626" lon="5.858873538672924">
        <ele>0</ele>
      </trkpt>
      <trkpt lat="50.165351517498493" lon="5.858610514551401">
        <ele>0</ele>
      </trkpt>
      <trkpt lat="50.165541535243392" lon="5.858066529035568">
        <ele>0</ele>
      </trkpt>
      <trkpt lat="50.165681513026357" lon="5.857854466885328">
        <ele>0</ele>
      </trkpt>
      <trkpt lat="50.166561529040337" lon="5.856799520552158">
        <ele>0</ele>
      </trkpt>
      <trkpt lat="50.166622465476394" lon="5.856690471991897">
        <ele>0</ele>
      </trkpt>
      <trkpt lat="50.16665549017489" lon="5.856631463393569">
        <ele>0</ele>
      </trkpt>
      <trkpt lat="50.168565474450588" lon="5.852344539016485">
        <ele>0</ele>
      </trkpt>
      <trkpt lat="50.168815506622195" lon="5.851705502718687">
        <ele>0</ele>
      </trkpt>
      <trkpt lat="50.169014493003488" lon="5.851329490542412">
        <ele>0</ele>
      </trkpt>
      <trkpt lat="50.170379485934973" lon="5.849619498476386">
        <ele>0</ele>
      </trkpt>
      <trkpt lat="50.170643515884876" lon="5.849321521818638">
        <ele>0</ele>
      </trkpt>
      <trkpt lat="50.171047523617744" lon="5.848964536562562">
        <ele>0</ele>
      </trkpt>
      <trkpt lat="50.171285485848784" lon="5.848695477470756">
        <ele>0</ele>
      </trkpt>
      <trkpt lat="50.172067517414689" lon="5.84769350476563">
        <ele>0</ele>
      </trkpt>
      <trkpt lat="50.172290476039052" lon="5.847310535609722">
        <ele>0</ele>
      </trkpt>
      <trkpt lat="50.172912497073412" lon="5.845889467746019">
        <ele>0</ele>
      </trkpt>
      <trkpt lat="50.17312053591013" lon="5.845555532723665">
        <ele>0</ele>
      </trkpt>
      <trkpt lat="50.173160517588258" lon="5.845297537744045">
        <ele>0</ele>
      </trkpt>
      <trkpt lat="50.173247521743178" lon="5.844985479488969">
        <ele>0</ele>
      </trkpt>
      <trkpt lat="50.173418512567878" lon="5.844619525596499">
        <ele>0</ele>
      </trkpt>
      <trkpt lat="50.174530539661646" lon="5.843979483470321">
        <ele>0</ele>
      </trkpt>
      <trkpt lat="50.175030520185828" lon="5.843639513477683">
        <ele>0</ele>
      </trkpt>
      <trkpt lat="50.175227494910359" lon="5.843520490452647">
        <ele>0</ele>
      </trkpt>
      <trkpt lat="50.175634520128369" lon="5.843251515179873">
        <ele>0</ele>
      </trkpt>
      <trkpt lat="50.175854461267591" lon="5.843036519363523">
        <ele>0</ele>
      </trkpt>
      <trkpt lat="50.175981530919671" lon="5.842838538810611">
        <ele>0</ele>
      </trkpt>
      <trkpt lat="50.17647648230195" lon="5.841795494779944">
        <ele>0</ele>
      </trkpt>
      <trkpt lat="50.17726949416101" lon="5.840556481853128">
        <ele>0</ele>
      </trkpt>
      <trkpt lat="50.177231524139643" lon="5.839861538261175">
        <ele>0</ele>
      </trkpt>
      <trkpt lat="50.177013510838151" lon="5.83860551007092">
        <ele>0</ele>
      </trkpt>
      <trkpt lat="50.176964476704597" lon="5.838119527325034">
        <ele>0</ele>
      </trkpt>
      <trkpt lat="50.176857523620129" lon="5.836146511137486">
        <ele>0</ele>
      </trkpt>
      <trkpt lat="50.176771525293589" lon="5.835067508742213">
        <ele>0</ele>
      </trkpt>
      <trkpt lat="50.176872527226806" lon="5.83417952992022">
        <ele>0</ele>
      </trkpt>
      <trkpt lat="50.176841514185071" lon="5.832952503114939">
        <ele>0</ele>
      </trkpt>
      <trkpt lat="50.176938492804766" lon="5.831991517916322">
        <ele>0</ele>
      </trkpt>
      <trkpt lat="50.176737494766712" lon="5.828910497948527">
        <ele>0</ele>
      </trkpt>
      <trkpt lat="50.176799520850182" lon="5.828389478847385">
        <ele>0</ele>
      </trkpt>
      <trkpt lat="50.176889458671212" lon="5.827988488599658">
        <ele>0</ele>
      </trkpt>
      <trkpt lat="50.177185507491231" lon="5.826964471489191">
        <ele>0</ele>
      </trkpt>
      <trkpt lat="50.177544504404068" lon="5.825978508219123">
        <ele>0</ele>
      </trkpt>
      <trkpt lat="50.178540525957942" lon="5.82390951924026">
        <ele>0</ele>
      </trkpt>
      <trkpt lat="50.178739512339234" lon="5.823547504842281">
        <ele>0</ele>
      </trkpt>
      <trkpt lat="50.178740518167615" lon="5.823548510670662">
        <ele>0</ele>
      </trkpt>
      <trkpt lat="50.178820481523871" lon="5.823448514565826">
        <ele>0</ele>
      </trkpt>
      <trkpt lat="50.179090462625027" lon="5.822998490184546">
        <ele>0</ele>
      </trkpt>
      <trkpt lat="50.179200517013669" lon="5.822848537936807">
        <ele>0</ele>
      </trkpt>
      <trkpt lat="50.179290538653731" lon="5.822798497974873">
        <ele>0</ele>
      </trkpt>
      <trkpt lat="50.179260531440377" lon="5.822798497974873">
        <ele>0</ele>
      </trkpt>
      <trkpt lat="50.179020473733544" lon="5.821998529136181">
        <ele>0</ele>
      </trkpt>
      <trkpt lat="50.179140502586961" lon="5.821838518604636">
        <ele>0</ele>
      </trkpt>
      <trkpt lat="50.179137485101819" lon="5.821842458099127">
        <ele>0</ele>
      </trkpt>
      <trkpt lat="50.181443514302373" lon="5.820125509053469">
        <ele>0</ele>
      </trkpt>
      <trkpt lat="50.181636465713382" lon="5.820135483518243">
        <ele>0</ele>
      </trkpt>
      <trkpt lat="50.182322524487972" lon="5.819836501032114">
        <ele>0</ele>
      </trkpt>
      <trkpt lat="50.182626536116004" lon="5.819726530462503">
        <ele>0</ele>
      </trkpt>
      <trkpt lat="50.183892538771033" lon="5.819969521835446">
        <ele>0</ele>
      </trkpt>
      <trkpt lat="50.184487486258149" lon="5.819969521835446">
        <ele>0</ele>
      </trkpt>
      <trkpt lat="50.184834497049451" lon="5.819819485768676">
        <ele>0</ele>
      </trkpt>
      <trkpt lat="50.185566488653421" lon="5.819880506023765">
        <ele>0</ele>
      </trkpt>
      <trkpt lat="50.186479529365897" lon="5.819994499906898">
        <ele>0</ele>
      </trkpt>
      <trkpt lat="50.186967523768544" lon="5.820133471861482">
        <ele>0</ele>
      </trkpt>
      <trkpt lat="50.188300497829914" lon="5.821356475353241">
        <ele>0</ele>
      </trkpt>
      <trkpt lat="50.188897540792823" lon="5.821689488366246">
        <ele>0</ele>
      </trkpt>
      <trkpt lat="50.190727477893233" lon="5.822249483317137">
        <ele>0</ele>
      </trkpt>
      <trkpt lat="50.190911460667849" lon="5.822252500802279">
        <ele>0</ele>
      </trkpt>
      <trkpt lat="50.191227458417416" lon="5.822124509140849">
        <ele>0</ele>
      </trkpt>
      <trkpt lat="50.191618474200368" lon="5.821901466697455">
        <ele>0</ele>
      </trkpt>
      <trkpt lat="50.191995492205024" lon="5.821753526106477">
        <ele>0</ele>
      </trkpt>
      <trkpt lat="50.192045532166958" lon="5.821732487529516">
        <ele>0</ele>
      </trkpt>
      <trkpt lat="50.192923536524177" lon="5.821145502850413">
        <ele>0</ele>
      </trkpt>
      <trkpt lat="50.193501468747854" lon="5.820339499041438">
        <ele>0</ele>
      </trkpt>
      <trkpt lat="50.193717470392585" lon="5.820133471861482">
        <ele>0</ele>
      </trkpt>
      <trkpt lat="50.194043526425958" lon="5.819956529885531">
        <ele>0</ele>
      </trkpt>
      <trkpt lat="50.194430518895388" lon="5.819819485768676">
        <ele>0</ele>
      </trkpt>
      <trkpt lat="50.194861516356468" lon="5.819709515199065">
        <ele>0</ele>
      </trkpt>
      <trkpt lat="50.195144489407539" lon="5.819693505764008">
        <ele>0</ele>
      </trkpt>
      <trkpt lat="50.195322521030903" lon="5.819719489663839">
        <ele>0</ele>
      </trkpt>
      <trkpt lat="50.195478508248925" lon="5.81970046274364">
        <ele>0</ele>
      </trkpt>
      <trkpt lat="50.195697527378798" lon="5.819679507985711">
        <ele>0</ele>
      </trkpt>
      <trkpt lat="50.196512499824166" lon="5.81922747194767">
        <ele>0</ele>
      </trkpt>
      <trkpt lat="50.196569496765733" lon="5.819196458905935">
        <ele>0</ele>
      </trkpt>
      <trkpt lat="50.196704529225826" lon="5.819083470851183">
        <ele>0</ele>
      </trkpt>
      <trkpt lat="50.197266535833478" lon="5.818392466753721">
        <ele>0</ele>
      </trkpt>
      <trkpt lat="50.198339503258467" lon="5.816989503800869">
        <ele>0</ele>
      </trkpt>
      <trkpt lat="50.198575537651777" lon="5.816726479679346">
        <ele>0</ele>
      </trkpt>
      <trkpt lat="50.199577510356903" lon="5.815470535308123">
        <ele>0</ele>
      </trkpt>
      <trkpt lat="50.200460460036993" lon="5.81419849768281">
        <ele>0</ele>
      </trkpt>
      <trkpt lat="50.203921515494585" lon="5.809093499556184">
        <ele>0</ele>
      </trkpt>
      <trkpt lat="50.205754470080137" lon="5.806090515106916">
        <ele>0</ele>
      </trkpt>
      <trkpt lat="50.206388477236032" lon="5.804978488013148">
        <ele>0</ele>
      </trkpt>
      <trkpt lat="50.206832466647029" lon="5.804106518626213">
        <ele>0</ele>
      </trkpt>
      <trkpt lat="50.207188529893756" lon="5.803277464583516">
        <ele>0</ele>
      </trkpt>
      <trkpt lat="50.207588514313102" lon="5.802468527108431">
        <ele>0</ele>
      </trkpt>
      <trkpt lat="50.207934519276023" lon="5.801963517442346">
        <ele>0</ele>
      </trkpt>
      <trkpt lat="50.20823048427701" lon="5.801837537437677">
        <ele>0</ele>
      </trkpt>
      <trkpt lat="50.209244526922703" lon="5.801576524972916">
        <ele>0</ele>
      </trkpt>
      <trkpt lat="50.210348507389426" lon="5.8012855052948">
        <ele>0</ele>
      </trkpt>
      <trkpt lat="50.21117546595633" lon="5.801016530022025">
        <ele>0</ele>
      </trkpt>
      <trkpt lat="50.211577462032437" lon="5.800936482846737">
        <ele>0</ele>
      </trkpt>
      <trkpt lat="50.21205447614193" lon="5.800775466486812">
        <ele>0</ele>
      </trkpt>
      <trkpt lat="50.21261153742671" lon="5.80064152367413">
        <ele>0</ele>
      </trkpt>
      <trkpt lat="50.2130644954741" lon="5.800441531464458">
        <ele>0</ele>
      </trkpt>
      <trkpt lat="50.213404465466738" lon="5.800403477624059">
        <ele>0</ele>
      </trkpt>
      <trkpt lat="50.213674530386925" lon="5.800428539514542">
        <ele>0</ele>
      </trkpt>
      <trkpt lat="50.214627468958497" lon="5.800514537841082">
        <ele>0</ele>
      </trkpt>
      <trkpt lat="50.215119486674666" lon="5.800607493147254">
        <ele>0</ele>
      </trkpt>
      <trkpt lat="50.216423459351063" lon="5.800628531724215">
        <ele>0</ele>
      </trkpt>
      <trkpt lat="50.216556480154395" lon="5.800579497590661">
        <ele>0</ele>
      </trkpt>
      <trkpt lat="50.216776505112648" lon="5.795254474505782">
        <ele>0</ele>
      </trkpt>
      <trkpt lat="50.216842470690608" lon="5.794915510341525">
        <ele>0</ele>
      </trkpt>
      <trkpt lat="50.217693485319614" lon="5.791863491758704">
        <ele>0</ele>
      </trkpt>
      <trkpt lat="50.2175975125283" lon="5.788056515157223">
        <ele>0</ele>
      </trkpt>
      <trkpt lat="50.217593489214778" lon="5.787867503240705">
        <ele>0</ele>
      </trkpt>
      <trkpt lat="50.217592483386397" lon="5.787841519340873">
        <ele>0</ele>
      </trkpt>
      <trkpt lat="50.217568511143327" lon="5.787222515791655">
        <ele>0</ele>
      </trkpt>
      <trkpt lat="50.217450493946671" lon="5.784895531833172">
        <ele>0</ele>
      </trkpt>
      <trkpt lat="50.217310516163707" lon="5.78186254017055">
        <ele>0</ele>
      </trkpt>
      <trkpt lat="50.217327531427145" lon="5.781126525253058">
        <ele>0</ele>
      </trkpt>
      <trkpt lat="50.217499528080225" lon="5.778170479461551">
        <ele>0</ele>
      </trkpt>
      <trkpt lat="50.217685522511601" lon="5.776327466592193">
        <ele>0</ele>
      </trkpt>
      <trkpt lat="50.217752493917942" lon="5.775811476632953">
        <ele>0</ele>
      </trkpt>
      <trkpt lat="50.21817653439939" lon="5.773816499859095">
        <ele>0</ele>
      </trkpt>
      <trkpt lat="50.217815861105919" lon="5.773995285853744">
        <ele>0</ele>
      </trkpt>
      <trkpt lat="50.217040786519647" lon="5.774335926398635">
        <ele>0</ele>
      </trkpt>
      <trkpt lat="50.216982532292604" lon="5.773923536762595">
        <ele>0</ele>
      </trkpt>
      <trkpt lat="50.216880524531007" lon="5.773293469101191">
        <ele>0</ele>
      </trkpt>
      <trkpt lat="50.216827467083931" lon="5.772998509928584">
        <ele>0</ele>
      </trkpt>
      <trkpt lat="50.21682646125555" lon="5.772700533270836">
        <ele>0</ele>
      </trkpt>
      <trkpt lat="50.216856468468904" lon="5.772595508024097">
        <ele>0</ele>
      </trkpt>
      <trkpt lat="50.21688848733902" lon="5.772487465292215">
        <ele>0</ele>
      </trkpt>
      <trkpt lat="50.216964511200786" lon="5.772330472245812">
        <ele>0</ele>
      </trkpt>
      <trkpt lat="50.21710448898375" lon="5.77221748419106">
        <ele>0</ele>
      </trkpt>
      <trkpt lat="50.217262487858534" lon="5.77219451777637">
        <ele>0</ele>
      </trkpt>
      <trkpt lat="50.218054493889213" lon="5.772283533588052">
        <ele>0</ele>
      </trkpt>
      <trkpt lat="50.218249540776014" lon="5.772230476140976">
        <ele>0</ele>
      </trkpt>
      <trkpt lat="50.21843452937901" lon="5.772102484479547">
        <ele>0</ele>
      </trkpt>
      <trkpt lat="50.218615494668484" lon="5.771903498098254">
        <ele>0</ele>
      </trkpt>
      <trkpt lat="50.218741474673152" lon="5.771669475361705">
        <ele>0</ele>
      </trkpt>
      <trkpt lat="50.218833507969975" lon="5.771396476775408">
        <ele>0</ele>
      </trkpt>
      <trkpt lat="50.219490481540561" lon="5.769043508917093">
        <ele>0</ele>
      </trkpt>
      <trkpt lat="50.219589471817017" lon="5.768550485372543">
        <ele>0</ele>
      </trkpt>
      <trkpt lat="50.219694497063756" lon="5.767812458798289">
        <ele>0</ele>
      </trkpt>
      <trkpt lat="50.219909492880106" lon="5.76527550816536">
        <ele>0</ele>
      </trkpt>
      <trkpt lat="50.220372509211302" lon="5.762840481474996">
        <ele>0</ele>
      </trkpt>
      <trkpt lat="50.220717508345842" lon="5.761942528188229">
        <ele>0</ele>
      </trkpt>
      <trkpt lat="50.220808535814285" lon="5.761705487966538">
        <ele>0</ele>
      </trkpt>
      <trkpt lat="50.221015485003591" lon="5.761335510760546">
        <ele>0</ele>
      </trkpt>
      <trkpt lat="50.221883514896035" lon="5.759663488715887">
        <ele>0</ele>
      </trkpt>
      <trkpt lat="50.222049476578832" lon="5.759247494861484">
        <ele>0</ele>
      </trkpt>
      <trkpt lat="50.222166487947106" lon="5.758827477693558">
        <ele>0</ele>
      </trkpt>
      <trkpt lat="50.222230525687337" lon="5.758366473019123">
        <ele>0</ele>
      </trkpt>
      <trkpt lat="50.222273524850607" lon="5.757562480866909">
        <ele>0</ele>
      </trkpt>
      <trkpt lat="50.222300514578819" lon="5.756544498726726">
        <ele>0</ele>
      </trkpt>
      <trkpt lat="50.222384501248598" lon="5.755637492984533">
        <ele>0</ele>
      </trkpt>
      <trkpt lat="50.222406461834908" lon="5.755396513268352">
        <ele>0</ele>
      </trkpt>
      <trkpt lat="50.222871489822865" lon="5.752674490213394">
        <ele>0</ele>
      </trkpt>
      <trkpt lat="50.221839509904385" lon="5.752248521894217">
        <ele>0</ele>
      </trkpt>
      <trkpt lat="50.221718475222588" lon="5.752150537446141">
        <ele>0</ele>
      </trkpt>
      <trkpt lat="50.221649492159486" lon="5.75204249471426">
        <ele>0</ele>
      </trkpt>
      <trkpt lat="50.221523512154818" lon="5.75159247033298">
        <ele>0</ele>
      </trkpt>
      <trkpt lat="50.221397532150149" lon="5.750802475959063">
        <ele>0</ele>
      </trkpt>
      <trkpt lat="50.221086479723454" lon="5.75000049546361">
        <ele>0</ele>
      </trkpt>
      <trkpt lat="50.220946501940489" lon="5.749639486894012">
        <ele>0</ele>
      </trkpt>
      <trkpt lat="50.220623798668385" lon="5.748265525326133">
        <ele>0</ele>
      </trkpt>
      <trkpt lat="50.220489772036672" lon="5.748136024922133">
        <ele>0</ele>
      </trkpt>
      <trkpt lat="50.218229508027434" lon="5.749130621552467">
        <ele>0</ele>
      </trkpt>
      <trkpt lat="50.21639546379447" lon="5.750182466581464">
        <ele>0</ele>
      </trkpt>
      <trkpt lat="50.216315500438213" lon="5.750257484614849">
        <ele>0</ele>
      </trkpt>
      <trkpt lat="50.215498516336083" lon="5.750746484845877">
        <ele>0</ele>
      </trkpt>
      <trkpt lat="50.215192493051291" lon="5.751074468716979">
        <ele>0</ele>
      </trkpt>
      <trkpt lat="50.214911531656981" lon="5.751278484240174">
        <ele>0</ele>
      </trkpt>
      <trkpt lat="50.214639538899064" lon="5.751321483403444">
        <ele>0</ele>
      </trkpt>
      <trkpt lat="50.214365534484386" lon="5.751240514218807">
        <ele>0</ele>
      </trkpt>
      <trkpt lat="50.214080465957522" lon="5.75109550729394">
        <ele>0</ele>
      </trkpt>
      <trkpt lat="50.213688528165221" lon="5.7510095089674">
        <ele>0</ele>
      </trkpt>
      <trkpt lat="50.213565481826663" lon="5.750940525904298">
        <ele>0</ele>
      </trkpt>
      <trkpt lat="50.212793927639723" lon="5.750550599768758">
        <ele>0</ele>
      </trkpt>
      <trkpt lat="50.211449302732944" lon="5.750569039955735">
        <ele>0</ele>
      </trkpt>
      <trkpt lat="50.210581021383405" lon="5.750215407460928">
        <ele>0</ele>
      </trkpt>
      <trkpt lat="50.210060924291611" lon="5.750155979767442">
        <ele>0</ele>
      </trkpt>
      <trkpt lat="50.209383498877287" lon="5.750348763540387">
        <ele>0</ele>
      </trkpt>
      <trkpt lat="50.208378760144114" lon="5.750492764636874">
        <ele>0</ele>
      </trkpt>
      <trkpt lat="50.206086980178952" lon="5.75097338296473">
        <ele>0</ele>
      </trkpt>
      <trkpt lat="50.206081531941891" lon="5.75341553427279">
        <ele>0</ele>
      </trkpt>
      <trkpt lat="50.206072479486465" lon="5.75548049993813">
        <ele>0</ele>
      </trkpt>
      <trkpt lat="50.206107515841722" lon="5.755849471315742">
        <ele>0</ele>
      </trkpt>
      <trkpt lat="50.206072479486465" lon="5.75548049993813">
        <ele>0</ele>
      </trkpt>
      <trkpt lat="50.20309547893703" lon="5.756450537592173">
        <ele>0</ele>
      </trkpt>
      <trkpt lat="50.20247052423656" lon="5.756654469296336">
        <ele>0</ele>
      </trkpt>
      <trkpt lat="50.202112533152103" lon="5.756771480664611">
        <ele>0</ele>
      </trkpt>
      <trkpt lat="50.20064452663064" lon="5.757284536957741">
        <ele>0</ele>
      </trkpt>
      <trkpt lat="50.200024517253041" lon="5.757500538602471">
        <ele>0</ele>
      </trkpt>
      <trkpt lat="50.198792461305857" lon="5.757866492494941">
        <ele>0</ele>
      </trkpt>
      <trkpt lat="50.197414476424456" lon="5.758262537419796">
        <ele>0</ele>
      </trkpt>
      <trkpt lat="50.195369459688663" lon="5.758948512375355">
        <ele>0</ele>
      </trkpt>
      <trkpt lat="50.194544512778521" lon="5.759173482656479">
        <ele>0</ele>
      </trkpt>
      <trkpt lat="50.192766459658742" lon="5.759763484820724">
        <ele>0</ele>
      </trkpt>
      <trkpt lat="50.192566467449069" lon="5.759795503690839">
        <ele>0</ele>
      </trkpt>
      <trkpt lat="50.192030528560281" lon="5.759377498179674">
        <ele>0</ele>
      </trkpt>
      <trkpt lat="50.191646469756961" lon="5.759377498179674">
        <ele>0</ele>
      </trkpt>
      <trkpt lat="50.19119150005281" lon="5.7592604868114">
        <ele>0</ele>
      </trkpt>
      <trkpt lat="50.190464537590742" lon="5.759259480983019">
        <ele>0</ele>
      </trkpt>
      <trkpt lat="50.19046051427722" lon="5.759259480983019">
        <ele>0</ele>
      </trkpt>
      <trkpt lat="50.189701532945037" lon="5.759206507354975">
        <ele>0</ele>
      </trkpt>
      <trkpt lat="50.188960488885641" lon="5.75876553542912">
        <ele>0</ele>
      </trkpt>
      <trkpt lat="50.188437458127737" lon="5.758563531562686">
        <ele>0</ele>
      </trkpt>
      <trkpt lat="50.187352504581213" lon="5.757790468633175">
        <ele>0</ele>
      </trkpt>
      <trkpt lat="50.186231508851051" lon="5.757095525041223">
        <ele>0</ele>
      </trkpt>
      <trkpt lat="50.185421481728554" lon="5.757720479741693">
        <ele>0</ele>
      </trkpt>
      <trkpt lat="50.184803484007716" lon="5.758321462199092">
        <ele>0</ele>
      </trkpt>
      <trkpt lat="50.184590499848127" lon="5.758626479655504">
        <ele>0</ele>
      </trkpt>
      <trkpt lat="50.184264527633786" lon="5.759094525128603">
        <ele>0</ele>
      </trkpt>
      <trkpt lat="50.183937465772033" lon="5.759764490649104">
        <ele>0</ele>
      </trkpt>
      <trkpt lat="50.183635465800762" lon="5.760124493390322">
        <ele>0</ele>
      </trkpt>
      <trkpt lat="50.183235481381416" lon="5.760513497516513">
        <ele>0</ele>
      </trkpt>
      <trkpt lat="50.182955525815487" lon="5.760692534968257">
        <ele>0</ele>
      </trkpt>
      <trkpt lat="50.18263952806592" lon="5.760665461421013">
        <ele>0</ele>
      </trkpt>
      <trkpt lat="50.182314477860928" lon="5.760416518896818">
        <ele>0</ele>
      </trkpt>
      <trkpt lat="50.182129489257932" lon="5.760341500863433">
        <ele>0</ele>
      </trkpt>
      <trkpt lat="50.181723469868302" lon="5.760217532515526">
        <ele>0</ele>
      </trkpt>
      <trkpt lat="50.181462541222572" lon="5.760175539180636">
        <ele>0</ele>
      </trkpt>
      <trkpt lat="50.180939510464668" lon="5.760307470336556">
        <ele>0</ele>
      </trkpt>
      <trkpt lat="50.180786540731788" lon="5.760346530005336">
        <ele>0</ele>
      </trkpt>
      <trkpt lat="50.180149516090751" lon="5.76063453219831">
        <ele>0</ele>
      </trkpt>
      <trkpt lat="50.17991247586906" lon="5.760757494717836">
        <ele>0</ele>
      </trkpt>
      <trkpt lat="50.179859502241015" lon="5.760881463065743">
        <ele>0</ele>
      </trkpt>
      <trkpt lat="50.179597483947873" lon="5.761569533497095">
        <ele>0</ele>
      </trkpt>
      <trkpt lat="50.179499499499798" lon="5.762318540364504">
        <ele>0</ele>
      </trkpt>
      <trkpt lat="50.179070513695478" lon="5.763830468058586">
        <ele>0</ele>
      </trkpt>
      <trkpt lat="50.178831461817026" lon="5.764326509088278">
        <ele>0</ele>
      </trkpt>
      <trkpt lat="50.178367523476481" lon="5.764863537624478">
        <ele>0</ele>
      </trkpt>
      <trkpt lat="50.178214469924569" lon="5.765107534825802">
        <ele>0</ele>
      </trkpt>
      <trkpt lat="50.177712477743626" lon="5.766225513070822">
        <ele>0</ele>
      </trkpt>
      <trkpt lat="50.177489519119263" lon="5.766934538260102">
        <ele>0</ele>
      </trkpt>
      <trkpt lat="50.177366472780704" lon="5.767119526863098">
        <ele>0</ele>
      </trkpt>
      <trkpt lat="50.176855511963367" lon="5.767536526545882">
        <ele>0</ele>
      </trkpt>
      <trkpt lat="50.176670523360372" lon="5.767653537914157">
        <ele>0</ele>
      </trkpt>
      <trkpt lat="50.176484528928995" lon="5.767777506262064">
        <ele>0</ele>
      </trkpt>
      <trkpt lat="50.176259474828839" lon="5.767995519563556">
        <ele>0</ele>
      </trkpt>
      <trkpt lat="50.175686487928033" lon="5.768261477351189">
        <ele>0</ele>
      </trkpt>
      <trkpt lat="50.175419524312019" lon="5.768449483439326">
        <ele>0</ele>
      </trkpt>
      <trkpt lat="50.174961537122726" lon="5.768957510590553">
        <ele>0</ele>
      </trkpt>
      <trkpt lat="50.174352508038282" lon="5.769741469994187">
        <ele>0</ele>
      </trkpt>
      <trkpt lat="50.173638537526131" lon="5.770697509869933">
        <ele>0</ele>
      </trkpt>
      <trkpt lat="50.17324953339994" lon="5.771130518987775">
        <ele>0</ele>
      </trkpt>
      <trkpt lat="50.172983491793275" lon="5.771223474293947">
        <ele>0</ele>
      </trkpt>
      <trkpt lat="50.172879472374916" lon="5.771222468465567">
        <ele>0</ele>
      </trkpt>
      <trkpt lat="50.172788528725505" lon="5.771186510100961">
        <ele>0</ele>
      </trkpt>
      <trkpt lat="50.17249851487577" lon="5.770880486816168">
        <ele>0</ele>
      </trkpt>
      <trkpt lat="50.172299528494477" lon="5.770621486008167">
        <ele>0</ele>
      </trkpt>
      <trkpt lat="50.172161478549242" lon="5.770354522392154">
        <ele>0</ele>
      </trkpt>
      <trkpt lat="50.17146754078567" lon="5.768712507560849">
        <ele>0</ele>
      </trkpt>
      <trkpt lat="50.171241480857134" lon="5.768053522333503">
        <ele>0</ele>
      </trkpt>
      <trkpt lat="50.170467495918274" lon="5.765754533931613">
        <ele>0</ele>
      </trkpt>
      <trkpt lat="50.170346461236477" lon="5.765480529516935">
        <ele>0</ele>
      </trkpt>
      <trkpt lat="50.170249482616782" lon="5.765349520370364">
        <ele>0</ele>
      </trkpt>
      <trkpt lat="50.170229533687234" lon="5.765328481793404">
        <ele>0</ele>
      </trkpt>
      <trkpt lat="50.169962486252189" lon="5.765054477378726">
        <ele>0</ele>
      </trkpt>
      <trkpt lat="50.169851509854198" lon="5.76488851569593">
        <ele>0</ele>
      </trkpt>
      <trkpt lat="50.169618492946029" lon="5.764279486611486">
        <ele>0</ele>
      </trkpt>
      <trkpt lat="50.169542469084263" lon="5.764195499941707">
        <ele>0</ele>
      </trkpt>
      <trkpt lat="50.169464517384768" lon="5.764177478849888">
        <ele>0</ele>
      </trkpt>
      <trkpt lat="50.169227477163076" lon="5.76433246023953">
        <ele>0</ele>
      </trkpt>
      <trkpt lat="50.169048523530364" lon="5.764385517686606">
        <ele>0</ele>
      </trkpt>
      <trkpt lat="50.168986497446895" lon="5.764498505741358">
        <ele>0</ele>
      </trkpt>
      <trkpt lat="50.168659519404173" lon="5.764758512377739">
        <ele>0</ele>
      </trkpt>
      <trkpt lat="50.168586513027549" lon="5.764847528189421">
        <ele>0</ele>
      </trkpt>
      <trkpt lat="50.168408481404185" lon="5.764893461018801">
        <ele>0</ele>
      </trkpt>
      <trkpt lat="50.168005479499698" lon="5.765138464048505">
        <ele>0</ele>
      </trkpt>
      <trkpt lat="50.167829459533095" lon="5.765331499278545">
        <ele>0</ele>
      </trkpt>
      <trkpt lat="50.167466523125768" lon="5.765819493681192">
        <ele>0</ele>
      </trkpt>
      <trkpt lat="50.166883477941155" lon="5.766644524410367">
        <ele>0</ele>
      </trkpt>
      <trkpt lat="50.16646446660161" lon="5.767352459952235">
        <ele>0</ele>
      </trkpt>
      <trkpt lat="50.166032463312149" lon="5.767961489036679">
        <ele>0</ele>
      </trkpt>
      <trkpt lat="50.166019471362233" lon="5.767980515956879">
        <ele>0</ele>
      </trkpt>
      <trkpt lat="50.165994493290782" lon="5.768023515120149">
        <ele>0</ele>
      </trkpt>
      <trkpt lat="50.165784526616335" lon="5.768366502597928">
        <ele>0</ele>
      </trkpt>
      <trkpt lat="50.165393510833383" lon="5.768725499510765">
        <ele>0</ele>
      </trkpt>
      <trkpt lat="50.165220508351922" lon="5.768930520862341">
        <ele>0</ele>
      </trkpt>
      <trkpt lat="50.16513048671186" lon="5.769302509725094">
        <ele>0</ele>
      </trkpt>
      <trkpt lat="50.165113471448421" lon="5.769587494432926">
        <ele>0</ele>
      </trkpt>
      <trkpt lat="50.165113471448421" lon="5.769656477496028">
        <ele>0</ele>
      </trkpt>
      <trkpt lat="50.165063515305519" lon="5.769743481650949">
        <ele>0</ele>
      </trkpt>
      <trkpt lat="50.165054462850094" lon="5.769757479429245">
        <ele>0</ele>
      </trkpt>
      <trkpt lat="50.165010541677475" lon="5.769833503291011">
        <ele>0</ele>
      </trkpt>
      <trkpt lat="50.164816500619054" lon="5.769965518265963">
        <ele>0</ele>
      </trkpt>
      <trkpt lat="50.164533527567983" lon="5.76989846304059">
        <ele>0</ele>
      </trkpt>
      <trkpt lat="50.163955511525273" lon="5.769582465291023">
        <ele>0</ele>
      </trkpt>
      <trkpt lat="50.162514494732022" lon="5.76835049316287">
        <ele>0</ele>
      </trkpt>
      <trkpt lat="50.161991463974118" lon="5.76806852594018">
        <ele>0</ele>
      </trkpt>
      <trkpt lat="50.161639507859945" lon="5.767972469329834">
        <ele>0</ele>
      </trkpt>
      <trkpt lat="50.161475474014878" lon="5.767961489036679">
        <ele>0</ele>
      </trkpt>
      <trkpt lat="50.160911539569497" lon="5.767886471003294">
        <ele>0</ele>
      </trkpt>
      <trkpt lat="50.160663519054651" lon="5.767757473513484">
        <ele>0</ele>
      </trkpt>
      <trkpt lat="50.160450534895062" lon="5.767714474350214">
        <ele>0</ele>
      </trkpt>
      <trkpt lat="50.160044515505433" lon="5.767821511253715">
        <ele>0</ele>
      </trkpt>
      <trkpt lat="50.15969448722899" lon="5.768015468493104">
        <ele>0</ele>
      </trkpt>
      <trkpt lat="50.158972470089793" lon="5.768787525594235">
        <ele>0</ele>
      </trkpt>
      <trkpt lat="50.15885747037828" lon="5.768999503925443">
        <ele>0</ele>
      </trkpt>
      <trkpt lat="50.158745488151908" lon="5.76920653693378">
        <ele>0</ele>
      </trkpt>
      <trkpt lat="50.158477518707514" lon="5.769581459462643">
        <ele>0</ele>
      </trkpt>
      <trkpt lat="50.158305522054434" lon="5.769753539934754">
        <ele>0</ele>
      </trkpt>
      <trkpt lat="50.158030511811376" lon="5.769946491345763">
        <ele>0</ele>
      </trkpt>
      <trkpt lat="50.157233476638794" lon="5.770386541262269">
        <ele>0</ele>
      </trkpt>
      <trkpt lat="50.157096516340971" lon="5.770493494346738">
        <ele>0</ele>
      </trkpt>
      <trkpt lat="50.157027533277869" lon="5.770590472966433">
        <ele>0</ele>
      </trkpt>
      <trkpt lat="50.156972464174032" lon="5.770750483497977">
        <ele>0</ele>
      </trkpt>
      <trkpt lat="50.156862493604422" lon="5.771384490653873">
        <ele>0</ele>
      </trkpt>
      <trkpt lat="50.156797533854842" lon="5.771499490365386">
        <ele>0</ele>
      </trkpt>
      <trkpt lat="50.156766520813107" lon="5.771555481478572">
        <ele>0</ele>
      </trkpt>
      <trkpt lat="50.156614473089576" lon="5.771673498675227">
        <ele>0</ele>
      </trkpt>
      <trkpt lat="50.156546495854855" lon="5.771693531423807">
        <ele>0</ele>
      </trkpt>
      <trkpt lat="50.156470471993089" lon="5.771716497838497">
        <ele>0</ele>
      </trkpt>
      <trkpt lat="50.156339462846518" lon="5.771695459261537">
        <ele>0</ele>
      </trkpt>
      <trkpt lat="50.156236533075571" lon="5.771577525883913">
        <ele>0</ele>
      </trkpt>
      <trkpt lat="50.15606545843184" lon="5.771190533414483">
        <ele>0</ele>
      </trkpt>
      <trkpt lat="50.155982477590442" lon="5.771062541753054">
        <ele>0</ele>
      </trkpt>
      <trkpt lat="50.155879464000463" lon="5.770997498184443">
        <ele>0</ele>
      </trkpt>
      <trkpt lat="50.155046470463276" lon="5.771060530096293">
        <ele>0</ele>
      </trkpt>
      <trkpt lat="50.154393520206213" lon="5.768754500895739">
        <ele>0</ele>
      </trkpt>
      <trkpt lat="50.15419646166265" lon="5.768825495615602">
        <ele>0</ele>
      </trkpt>
      <trkpt lat="50.153450472280383" lon="5.769496466964483">
        <ele>0</ele>
      </trkpt>
      <trkpt lat="50.153239499777555" lon="5.769644491374493">
        <ele>0</ele>
      </trkpt>
      <trkpt lat="50.153167499229312" lon="5.769790504127741">
        <ele>0</ele>
      </trkpt>
      <trkpt lat="50.153095498681068" lon="5.770139526575804">
        <ele>0</ele>
      </trkpt>
      <trkpt lat="50.153170516714454" lon="5.770695498213172">
        <ele>0</ele>
      </trkpt>
      <trkpt lat="50.153169510886073" lon="5.771008478477597">
        <ele>0</ele>
      </trkpt>
      <trkpt lat="50.153133468702435" lon="5.771206459030509">
        <ele>0</ele>
      </trkpt>
      <trkpt lat="50.152937499806285" lon="5.771777518093586">
        <ele>0</ele>
      </trkpt>
      <trkpt lat="50.152762485668063" lon="5.772230476140976">
        <ele>0</ele>
      </trkpt>
      <trkpt lat="50.15256148763001" lon="5.772592490538955">
        <ele>0</ele>
      </trkpt>
      <trkpt lat="50.152412541210651" lon="5.772761469706893">
        <ele>0</ele>
      </trkpt>
      <trkpt lat="50.151839470490813" lon="5.773275531828404">
        <ele>0</ele>
      </trkpt>
      <trkpt lat="50.152213471010327" lon="5.773927476257086">
        <ele>0</ele>
      </trkpt>
      <trkpt lat="50.152170471847057" lon="5.773958489298821">
        <ele>0</ele>
      </trkpt>
      <trkpt lat="50.151581475511193" lon="5.773850530385971">
        <ele>0</ele>
      </trkpt>
      <trkpt lat="50.151422470808029" lon="5.773887494578958">
        <ele>0</ele>
      </trkpt>
      <trkpt lat="50.151266483590007" lon="5.773968463763595">
        <ele>0</ele>
      </trkpt>
      <trkpt lat="50.151034472510219" lon="5.774190500378609">
        <ele>0</ele>
      </trkpt>
      <trkpt lat="50.150688467547297" lon="5.77468553557992">
        <ele>0</ele>
      </trkpt>
      <trkpt lat="50.150119503960013" lon="5.775793539360166">
        <ele>0</ele>
      </trkpt>
      <trkpt lat="50.149959493428469" lon="5.776244485750794">
        <ele>0</ele>
      </trkpt>
      <trkpt lat="50.150251518934965" lon="5.778090516105294">
        <ele>0</ele>
      </trkpt>
      <trkpt lat="50.150321507826447" lon="5.779505465179682">
        <ele>0</ele>
      </trkpt>
      <trkpt lat="50.150467520579696" lon="5.781102469190955">
        <ele>0</ele>
      </trkpt>
      <trkpt lat="50.150480512529612" lon="5.782168479636312">
        <ele>0</ele>
      </trkpt>
      <trkpt lat="50.150604480877519" lon="5.782907512038946">
        <ele>0</ele>
      </trkpt>
      <trkpt lat="50.150634488090873" lon="5.783236501738429">
        <ele>0</ele>
      </trkpt>
      <trkpt lat="50.150633482262492" lon="5.783463483676314">
        <ele>0</ele>
      </trkpt>
      <trkpt lat="50.150588471442461" lon="5.783919459208846">
        <ele>0</ele>
      </trkpt>
      <trkpt lat="50.149682471528649" lon="5.784564530476928">
        <ele>0</ele>
      </trkpt>
      <trkpt lat="50.149397486820817" lon="5.784679530188441">
        <ele>0</ele>
      </trkpt>
      <trkpt lat="50.148944528773427" lon="5.784799475222826">
        <ele>0</ele>
      </trkpt>
      <trkpt lat="50.148725509643555" lon="5.784692522138357">
        <ele>0</ele>
      </trkpt>
      <trkpt lat="50.147563526406884" lon="5.783534478396177">
        <ele>0</ele>
      </trkpt>
      <trkpt lat="50.146178500726819" lon="5.782330501824617">
        <ele>0</ele>
      </trkpt>
      <trkpt lat="50.146012539044023" lon="5.782276522368193">
        <ele>0</ele>
      </trkpt>
      <trkpt lat="50.145524460822344" lon="5.782227488234639">
        <ele>0</ele>
      </trkpt>
      <trkpt lat="50.144840497523546" lon="5.782289514318109">
        <ele>0</ele>
      </trkpt>
      <trkpt lat="50.144637487828732" lon="5.782257495447993">
        <ele>0</ele>
      </trkpt>
      <trkpt lat="50.143772475421429" lon="5.781964464113116">
        <ele>0</ele>
      </trkpt>
      <trkpt lat="50.143466535955667" lon="5.781839489936829">
        <ele>0</ele>
      </trkpt>
      <trkpt lat="50.143327480182052" lon="5.781677467748523">
        <ele>0</ele>
      </trkpt>
      <trkpt lat="50.1431954652071" lon="5.781087465584278">
        <ele>0</ele>
      </trkpt>
      <trkpt lat="50.143101504072547" lon="5.780771467834711">
        <ele>0</ele>
      </trkpt>
      <trkpt lat="50.14278550632298" lon="5.779740493744612">
        <ele>0</ele>
      </trkpt>
      <trkpt lat="50.142573527991772" lon="5.778757464140654">
        <ele>0</ele>
      </trkpt>
      <trkpt lat="50.141815468668938" lon="5.776486471295357">
        <ele>0</ele>
      </trkpt>
      <trkpt lat="50.141461500898004" lon="5.775151485577226">
        <ele>0</ele>
      </trkpt>
      <trkpt lat="50.141317499801517" lon="5.774706490337849">
        <ele>0</ele>
      </trkpt>
      <trkpt lat="50.141233513131738" lon="5.774565506726503">
        <ele>0</ele>
      </trkpt>
      <trkpt lat="50.140650467947125" lon="5.775178475305438">
        <ele>0</ele>
      </trkpt>
      <trkpt lat="50.139650506898761" lon="5.775984479114413">
        <ele>0</ele>
      </trkpt>
      <trkpt lat="50.138814495876431" lon="5.776476496830583">
        <ele>0</ele>
      </trkpt>
      <trkpt lat="50.138697484508157" lon="5.776486471295357">
        <ele>0</ele>
      </trkpt>
      <trkpt lat="50.138485506176949" lon="5.776442466303706">
        <ele>0</ele>
      </trkpt>
      <trkpt lat="50.138421468436718" lon="5.776466522365809">
        <ele>0</ele>
      </trkpt>
      <trkpt lat="50.138277467340231" lon="5.776661485433579">
        <ele>0</ele>
      </trkpt>
      <trkpt lat="50.137998517602682" lon="5.777274537831545">
        <ele>0</ele>
      </trkpt>
      <trkpt lat="50.137944538146257" lon="5.777473524212837">
        <ele>0</ele>
      </trkpt>
      <trkpt lat="50.137983513996005" lon="5.777580477297306">
        <ele>0</ele>
      </trkpt>
      <trkpt lat="50.138244526460767" lon="5.777862528339028">
        <ele>0</ele>
      </trkpt>
      <trkpt lat="50.138473520055413" lon="5.778086492791772">
        <ele>0</ele>
      </trkpt>
      <trkpt lat="50.138417528942227" lon="5.778286485001445">
        <ele>0</ele>
      </trkpt>
      <trkpt lat="50.137983513996005" lon="5.779117466881871">
        <ele>0</ele>
      </trkpt>
      <trkpt lat="50.137710515409708" lon="5.779568497091532">
        <ele>0</ele>
      </trkpt>
      <trkpt lat="50.137154459953308" lon="5.780195463448763">
        <ele>0</ele>
      </trkpt>
      <trkpt lat="50.136934518814087" lon="5.780501486733556">
        <ele>0</ele>
      </trkpt>
      <trkpt lat="50.136761516332626" lon="5.780871463939548">
        <ele>0</ele>
      </trkpt>
      <trkpt lat="50.136366477236152" lon="5.782246515154839">
        <ele>0</ele>
      </trkpt>
      <trkpt lat="50.136282490566373" lon="5.782571481540799">
        <ele>0</ele>
      </trkpt>
      <trkpt lat="50.136225493624806" lon="5.782934501767159">
        <ele>0</ele>
      </trkpt>
      <trkpt lat="50.136236473917961" lon="5.783274471759796">
        <ele>0</ele>
      </trkpt>
      <trkpt lat="50.136348539963365" lon="5.7837975025177">
        <ele>0</ele>
      </trkpt>
      <trkpt lat="50.136393466964364" lon="5.784137472510338">
        <ele>0</ele>
      </trkpt>
      <trkpt lat="50.136693539097905" lon="5.785462483763695">
        <ele>0</ele>
      </trkpt>
      <trkpt lat="50.136850532144308" lon="5.786153487861157">
        <ele>0</ele>
      </trkpt>
      <trkpt lat="50.136735532432795" lon="5.786257507279515">
        <ele>0</ele>
      </trkpt>
      <trkpt lat="50.136268492788076" lon="5.786878522485495">
        <ele>0</ele>
      </trkpt>
      <trkpt lat="50.136204538866878" lon="5.786797469481826">
        <ele>0</ele>
      </trkpt>
      <trkpt lat="50.135339526459575" lon="5.785708492621779">
        <ele>0</ele>
      </trkpt>
      <trkpt lat="50.134604517370462" lon="5.784818502143025">
        <ele>0</ele>
      </trkpt>
      <trkpt lat="50.134415505453944" lon="5.784718506038189">
        <ele>0</ele>
      </trkpt>
      <trkpt lat="50.13423353433609" lon="5.784744489938021">
        <ele>0</ele>
      </trkpt>
      <trkpt lat="50.134080480784178" lon="5.784863512963057">
        <ele>0</ele>
      </trkpt>
      <trkpt lat="50.133968498557806" lon="5.785058476030827">
        <ele>0</ele>
      </trkpt>
      <trkpt lat="50.133920470252633" lon="5.785221504047513">
        <ele>0</ele>
      </trkpt>
      <trkpt lat="50.133901527151465" lon="5.785418478772044">
        <ele>0</ele>
      </trkpt>
      <trkpt lat="50.13391150161624" lon="5.785610508173704">
        <ele>0</ele>
      </trkpt>
      <trkpt lat="50.133964475244284" lon="5.785819469019771">
        <ele>0</ele>
      </trkpt>
      <trkpt lat="50.13406346552074" lon="5.786011498421431">
        <ele>0</ele>
      </trkpt>
      <trkpt lat="50.13414653018117" lon="5.786133538931608">
        <ele>0</ele>
      </trkpt>
      <trkpt lat="50.134468479081988" lon="5.786606529727578">
        <ele>0</ele>
      </trkpt>
      <trkpt lat="50.134751535952091" lon="5.78717147000134">
        <ele>0</ele>
      </trkpt>
      <trkpt lat="50.134993521496654" lon="5.787835484370589">
        <ele>0</ele>
      </trkpt>
      <trkpt lat="50.135105503723025" lon="5.788278467953205">
        <ele>0</ele>
      </trkpt>
      <trkpt lat="50.135126458480954" lon="5.788514502346516">
        <ele>0</ele>
      </trkpt>
      <trkpt lat="50.135091505944729" lon="5.788967460393906">
        <ele>0</ele>
      </trkpt>
      <trkpt lat="50.134965525940061" lon="5.789327463135123">
        <ele>0</ele>
      </trkpt>
      <trkpt lat="50.13477249071002" lon="5.789685538038611">
        <ele>0</ele>
      </trkpt>
      <trkpt lat="50.134570486843586" lon="5.789971528574824">
        <ele>0</ele>
      </trkpt>
      <trkpt lat="50.134484488517046" lon="5.7900504861027">
        <ele>0</ele>
      </trkpt>
      <trkpt lat="50.134270498529077" lon="5.790249472483993">
        <ele>0</ele>
      </trkpt>
      <trkpt lat="50.134294470772147" lon="5.790142519399524">
        <ele>0</ele>
      </trkpt>
      <trkpt lat="50.134723540395498" lon="5.78934146091342">
        <ele>0</ele>
      </trkpt>
      <trkpt lat="50.134848514571786" lon="5.78904046677053">
        <ele>0</ele>
      </trkpt>
      <trkpt lat="50.134871480986476" lon="5.788900488987565">
        <ele>0</ele>
      </trkpt>
      <trkpt lat="50.134877515956759" lon="5.788566470146179">
        <ele>0</ele>
      </trkpt>
      <trkpt lat="50.134871480986476" lon="5.788504527881742">
        <ele>0</ele>
      </trkpt>
      <trkpt lat="50.134837534278631" lon="5.788448536768556">
        <ele>0</ele>
      </trkpt>
      <trkpt lat="50.13481548987329" lon="5.788451470434666">
        <ele>0</ele>
      </trkpt>
      <trkpt lat="50.134673500433564" lon="5.788474520668387">
        <ele>0</ele>
      </trkpt>
      <trkpt lat="50.134338475763798" lon="5.788613492622972">
        <ele>0</ele>
      </trkpt>
      <trkpt lat="50.134270498529077" lon="5.78845951706171">
        <ele>0</ele>
      </trkpt>
      <trkpt lat="50.134154492989182" lon="5.788216525688767">
        <ele>0</ele>
      </trkpt>
      <trkpt lat="50.133967492729425" lon="5.787884518504143">
        <ele>0</ele>
      </trkpt>
      <trkpt lat="50.133852493017912" lon="5.787662481889129">
        <ele>0</ele>
      </trkpt>
      <trkpt lat="50.133812511339784" lon="5.787592492997646">
        <ele>0</ele>
      </trkpt>
      <trkpt lat="50.133749479427934" lon="5.787562485784292">
        <ele>0</ele>
      </trkpt>
      <trkpt lat="50.133812511339784" lon="5.787592492997646">
        <ele>0</ele>
      </trkpt>
      <trkpt lat="50.133852493017912" lon="5.787662481889129">
        <ele>0</ele>
      </trkpt>
      <trkpt lat="50.133967492729425" lon="5.787884518504143">
        <ele>0</ele>
      </trkpt>
      <trkpt lat="50.134154492989182" lon="5.788216525688767">
        <ele>0</ele>
      </trkpt>
      <trkpt lat="50.134270498529077" lon="5.78845951706171">
        <ele>0</ele>
      </trkpt>
      <trkpt lat="50.133812511339784" lon="5.787592492997646">
        <ele>0</ele>
      </trkpt>
      <trkpt lat="50.133736403658986" lon="5.787562066689134">
        <ele>0</ele>
      </trkpt>
      <trkpt lat="50.133515791967511" lon="5.787596013396978">
        <ele>0</ele>
      </trkpt>
      <trkpt lat="50.133220162242651" lon="5.787760969251394">
        <ele>0</ele>
      </trkpt>
      <trkpt lat="50.133005417883396" lon="5.787884015589953">
        <ele>0</ele>
      </trkpt>
      <trkpt lat="50.132968034595251" lon="5.787911508232355">
        <ele>0</ele>
      </trkpt>
      <trkpt lat="50.132942469790578" lon="5.787937492132187">
        <ele>0</ele>
      </trkpt>
      <trkpt lat="50.132615491747856" lon="5.78781352378428">
        <ele>0</ele>
      </trkpt>
      <trkpt lat="50.132591519504786" lon="5.78773045912385">
        <ele>0</ele>
      </trkpt>
      <trkpt lat="50.132518513128161" lon="5.787749486044049">
        <ele>0</ele>
      </trkpt>
      <trkpt lat="50.132460007444024" lon="5.787778571248055">
        <ele>0</ele>
      </trkpt>
      <trkpt lat="50.132102100178599" lon="5.788043607026339">
        <ele>0</ele>
      </trkpt>
      <trkpt lat="50.132015515118837" lon="5.788221471011639">
        <ele>0</ele>
      </trkpt>
      <trkpt lat="50.131989531219006" lon="5.788646517321467">
        <ele>0</ele>
      </trkpt>
      <trkpt lat="50.131998499855399" lon="5.789112467318773">
        <ele>0</ele>
      </trkpt>
      <trkpt lat="50.132167479023337" lon="5.78914750367403">
        <ele>0</ele>
      </trkpt>
      <trkpt lat="50.132254483178258" lon="5.789246493950486">
        <ele>0</ele>
      </trkpt>
      <trkpt lat="50.132287507876754" lon="5.789410527795553">
        <ele>0</ele>
      </trkpt>
      <trkpt lat="50.13227853924036" lon="5.789526533335447">
        <ele>0</ele>
      </trkpt>
      <trkpt lat="50.132218524813652" lon="5.78968252055347">
        <ele>0</ele>
      </trkpt>
      <trkpt lat="50.132159516215324" lon="5.789756532758474">
        <ele>0</ele>
      </trkpt>
      <trkpt lat="50.132083492353559" lon="5.789715461432934">
        <ele>0</ele>
      </trkpt>
      <trkpt lat="50.131906466558576" lon="5.789629463106394">
        <ele>0</ele>
      </trkpt>
      <trkpt lat="50.131880482658744" lon="5.789636503905058">
        <ele>0</ele>
      </trkpt>
      <trkpt lat="50.131615530699492" lon="5.789700541645289">
        <ele>0</ele>
      </trkpt>
      <trkpt lat="50.13122946023941" lon="5.789836496114731">
        <ele>0</ele>
      </trkpt>
      <trkpt lat="50.130945481359959" lon="5.789914531633258">
        <ele>0</ele>
      </trkpt>
      <trkpt lat="50.130482465028763" lon="5.789987538009882">
        <ele>0</ele>
      </trkpt>
      <trkpt lat="50.130167473107576" lon="5.79013648442924">
        <ele>0</ele>
      </trkpt>
      <trkpt lat="50.129954488947988" lon="5.790292471647263">
        <ele>0</ele>
      </trkpt>
      <trkpt lat="50.129818534478545" lon="5.790422474965453">
        <ele>0</ele>
      </trkpt>
      <trkpt lat="50.129436487331986" lon="5.790670495480299">
        <ele>0</ele>
      </trkpt>
      <trkpt lat="50.129425171762705" lon="5.790666388347745">
        <ele>0</ele>
      </trkpt>
      <trkpt lat="50.129404384642839" lon="5.790655324235559">
        <ele>0</ele>
      </trkpt>
      <trkpt lat="50.129341268911958" lon="5.79072623513639">
        <ele>0</ele>
      </trkpt>
      <trkpt lat="50.129275806248188" lon="5.79081810079515">
        <ele>0</ele>
      </trkpt>
      <trkpt lat="50.129074975848198" lon="5.790961012244225">
        <ele>0</ele>
      </trkpt>
    </trkseg>
  </trk>

</gpx>